ID,Time,State
0,1999-05-21,4
1,1999-05-21,7
2,1999-05-21,1
3,1999-05-21,2
4,1999-05-21,2
5,1999-05-21,3
6,1999-05-21,8
7,1999-05-21,3
8,1999-05-21,5
9,1999-05-21,4
10,1999-05-21,2
11,1999-05-21,2
12,1999-05-21,8
13,1999-05-21,1
14,1999-05-21,0
15,1999-05-21,8
16,1999-05-21,5
17,1999-05-21,1
18,1999-05-21,6
19,1999-05-21,0
20,1999-05-21,2
21,1999-05-21,5
22,1999-05-21,7
23,1999-05-21,5
24,1999-05-21,3
25,1999-05-21,6
26,1999-05-21,1
27,1999-05-21,2
28,1999-05-21,2
29,1999-05-21,4
30,1999-05-21,7
31,1999-05-21,7
32,1999-05-21,5
33,1999-05-21,6
34,1999-05-21,0
35,1999-05-21,7
36,1999-05-21,6
37,1999-05-21,3
38,1999-05-21,3
39,1999-05-21,3
40,1999-05-21,6
41,1999-05-21,8
42,1999-05-21,0
43,1999-05-21,2
44,1999-05-21,7
45,1999-05-21,4
46,1999-05-21,5
47,1999-05-21,0
48,1999-05-21,5
49,1999-05-21,8
50,1999-05-21,6
51,1999-05-21,4
52,1999-05-21,5
53,1999-05-21,4
54,1999-05-21,5
55,1999-05-21,3
56,1999-05-21,3
57,1999-05-21,5
58,1999-05-21,6
59,1999-05-21,0
60,1999-05-21,3
61,1999-05-21,1
62,1999-05-21,7
63,1999-05-21,1
64,1999-05-21,6
65,1999-05-21,7
66,1999-05-21,5
67,1999-05-21,7
68,1999-05-21,0
69,1999-05-21,4
70,1999-05-21,3
71,1999-05-21,2
72,1999-05-21,0
73,1999-05-21,8
74,1999-05-21,3
75,1999-05-21,0
76,1999-05-21,1
77,1999-05-21,7
78,1999-05-21,2
79,1999-05-21,3
80,1999-05-21,8
81,1999-05-21,2
82,1999-05-21,1
83,1999-05-21,3
84,1999-05-21,4
85,1999-05-21,6
86,1999-05-21,0
87,1999-05-21,2
88,1999-05-21,5
89,1999-05-21,6
90,1999-05-21,3
91,1999-05-21,0
92,1999-05-21,0
93,1999-05-21,0
94,1999-05-21,7
95,1999-05-21,6
96,1999-05-21,7
97,1999-05-21,8
98,1999-05-21,2
99,1999-05-21,8
100,1999-05-21,2
101,1999-05-21,7
102,1999-05-21,3
103,1999-05-21,2
104,1999-05-21,2
105,1999-05-21,4
106,1999-05-21,2
107,1999-05-21,2
108,1999-05-21,2
109,1999-05-21,5
110,1999-05-21,3
111,1999-05-21,3
112,1999-05-21,5
113,1999-05-21,6
114,1999-05-21,8
115,1999-05-21,3
116,1999-05-21,5
117,1999-05-21,4
118,1999-05-21,6
119,1999-05-21,3
120,1999-05-21,7
121,1999-05-21,2
122,1999-05-21,2
123,1999-05-21,2
124,1999-05-21,5
125,1999-05-21,0
126,1999-05-21,2
127,1999-05-21,6
128,1999-05-21,8
129,1999-05-21,4
130,1999-05-21,8
131,1999-05-21,8
132,1999-05-21,1
133,1999-05-21,3
134,1999-05-21,6
135,1999-05-21,8
136,1999-05-21,3
137,1999-05-21,0
138,1999-05-21,4
139,1999-05-21,2
140,1999-05-21,3
141,1999-05-21,5
142,1999-05-21,4
143,1999-05-21,5
144,1999-05-21,7
145,1999-05-21,7
146,1999-05-21,2
147,1999-05-21,1
148,1999-05-21,1
149,1999-05-21,1
150,1999-05-21,7
151,1999-05-21,7
152,1999-05-21,4
153,1999-05-21,2
154,1999-05-21,1
155,1999-05-21,1
156,1999-05-21,5
157,1999-05-21,6
158,1999-05-21,5
159,1999-05-21,3
160,1999-05-21,0
161,1999-05-21,1
162,1999-05-21,7
163,1999-05-21,5
164,1999-05-21,3
165,1999-05-21,1
166,1999-05-21,2
167,1999-05-21,3
168,1999-05-21,4
169,1999-05-21,3
170,1999-05-21,3
171,1999-05-21,1
172,1999-05-21,8
173,1999-05-21,2
174,1999-05-21,5
175,1999-05-21,0
176,1999-05-21,1
177,1999-05-21,2
178,1999-05-21,7
179,1999-05-21,5
180,1999-05-21,1
181,1999-05-21,5
182,1999-05-21,5
183,1999-05-21,3
184,1999-05-21,8
185,1999-05-21,0
186,1999-05-21,4
187,1999-05-21,8
188,1999-05-21,4
189,1999-05-21,7
190,1999-05-21,3
191,1999-05-21,5
192,1999-05-21,2
193,1999-05-21,2
194,1999-05-21,7
195,1999-05-21,1
196,1999-05-21,8
197,1999-05-21,2
198,1999-05-21,3
199,1999-05-21,8
200,1999-05-21,6
201,1999-05-21,0
202,1999-05-21,0
203,1999-05-21,6
204,1999-05-21,2
205,1999-05-21,7
206,1999-05-21,0
207,1999-05-21,6
208,1999-05-21,3
209,1999-05-21,4
210,1999-05-21,0
211,1999-05-21,4
212,1999-05-21,7
213,1999-05-21,8
214,1999-05-21,7
215,1999-05-21,2
216,1999-05-21,0
217,1999-05-21,6
218,1999-05-21,5
219,1999-05-21,4
220,1999-05-21,8
221,1999-05-21,1
222,1999-05-21,0
223,1999-05-21,8
224,1999-05-21,1
225,1999-05-21,6
226,1999-05-21,8
227,1999-05-21,0
228,1999-05-21,7
229,1999-05-21,0
230,1999-05-21,8
231,1999-05-21,7
232,1999-05-21,1
233,1999-05-21,2
234,1999-05-21,0
235,1999-05-21,8
236,1999-05-21,4
237,1999-05-21,8
238,1999-05-21,3
239,1999-05-21,6
240,1999-05-21,6
241,1999-05-21,5
242,1999-05-21,0
243,1999-05-21,1
244,1999-05-21,2
245,1999-05-21,2
246,1999-05-21,8
247,1999-05-21,0
248,1999-05-21,3
249,1999-05-21,6
250,1999-05-21,1
251,1999-05-21,3
252,1999-05-21,5
253,1999-05-21,2
254,1999-05-21,1
255,1999-05-21,2
256,1999-05-21,6
257,1999-05-21,8
258,1999-05-21,1
259,1999-05-21,7
260,1999-05-21,7
261,1999-05-21,0
262,1999-05-21,8
263,1999-05-21,6
264,1999-05-21,1
265,1999-05-21,1
266,1999-05-21,1
267,1999-05-21,7
268,1999-05-21,4
269,1999-05-21,8
270,1999-05-21,3
271,1999-05-21,3
272,1999-05-21,4
273,1999-05-21,8
274,1999-05-21,2
275,1999-05-21,5
276,1999-05-21,0
277,1999-05-21,6
278,1999-05-21,8
279,1999-05-21,3
280,1999-05-21,1
281,1999-05-21,4
282,1999-05-21,2
283,1999-05-21,7
284,1999-05-21,2
285,1999-05-21,7
286,1999-05-21,1
287,1999-05-21,6
288,1999-05-21,1
289,1999-05-21,8
290,1999-05-21,8
291,1999-05-21,7
292,1999-05-21,6
293,1999-05-21,3
294,1999-05-21,2
295,1999-05-21,1
296,1999-05-21,6
297,1999-05-21,7
298,1999-05-21,4
299,1999-05-21,2
300,1999-05-21,3
301,1999-05-21,0
302,1999-05-21,0
303,1999-05-21,5
304,1999-05-21,5
305,1999-05-21,7
306,1999-05-21,1
307,1999-05-21,4
308,1999-05-21,1
309,1999-05-21,8
310,1999-05-21,3
311,1999-05-21,6
312,1999-05-21,3
313,1999-05-21,6
314,1999-05-21,1
315,1999-05-21,2
316,1999-05-21,4
317,1999-05-21,3
318,1999-05-21,0
319,1999-05-21,0
320,1999-05-21,6
321,1999-05-21,3
322,1999-05-21,8
323,1999-05-21,5
324,1999-05-21,3
325,1999-05-21,6
326,1999-05-21,7
327,1999-05-21,3
328,1999-05-21,1
329,1999-05-21,0
330,1999-05-21,7
331,1999-05-21,1
332,1999-05-21,7
333,1999-05-21,6
334,1999-05-21,3
335,1999-05-21,2
336,1999-05-21,5
337,1999-05-21,4
338,1999-05-21,7
339,1999-05-21,1
340,1999-05-21,6
341,1999-05-21,4
342,1999-05-21,8
343,1999-05-21,0
344,1999-05-21,6
345,1999-05-21,1
346,1999-05-21,2
347,1999-05-21,6
348,1999-05-21,6
349,1999-05-21,2
350,1999-05-21,2
351,1999-05-21,4
352,1999-05-21,6
353,1999-05-21,8
354,1999-05-21,0
355,1999-05-21,8
356,1999-05-21,7
357,1999-05-21,0
358,1999-05-21,2
359,1999-05-21,8
360,1999-05-21,3
361,1999-05-21,2
362,1999-05-21,1
363,1999-05-21,7
364,1999-05-21,7
365,1999-05-21,8
366,1999-05-21,7
367,1999-05-21,1
368,1999-05-21,4
369,1999-05-21,6
370,1999-05-21,0
371,1999-05-21,4
372,1999-05-21,3
373,1999-05-21,0
374,1999-05-21,3
375,1999-05-21,0
376,1999-05-21,3
377,1999-05-21,2
378,1999-05-21,4
379,1999-05-21,6
380,1999-05-21,4
381,1999-05-21,7
382,1999-05-21,3
383,1999-05-21,3
384,1999-05-21,3
385,1999-05-21,5
386,1999-05-21,7
387,1999-05-21,5
388,1999-05-21,6
389,1999-05-21,2
390,1999-05-21,6
391,1999-05-21,0
392,1999-05-21,1
393,1999-05-21,0
394,1999-05-21,6
395,1999-05-21,5
396,1999-05-21,0
397,1999-05-21,6
398,1999-05-21,7
399,1999-05-21,2
400,1999-05-21,5
401,1999-05-21,4
402,1999-05-21,1
403,1999-05-21,3
404,1999-05-21,1
405,1999-05-21,5
406,1999-05-21,8
407,1999-05-21,3
408,1999-05-21,5
409,1999-05-21,3
410,1999-05-21,1
411,1999-05-21,8
412,1999-05-21,4
413,1999-05-21,4
414,1999-05-21,1
415,1999-05-21,8
416,1999-05-21,3
417,1999-05-21,1
418,1999-05-21,7
419,1999-05-21,7
420,1999-05-21,5
421,1999-05-21,8
422,1999-05-21,4
423,1999-05-21,5
424,1999-05-21,4
425,1999-05-21,5
426,1999-05-21,0
427,1999-05-21,8
428,1999-05-21,1
429,1999-05-21,1
430,1999-05-21,5
431,1999-05-21,4
432,1999-05-21,6
433,1999-05-21,7
434,1999-05-21,3
435,1999-05-21,2
436,1999-05-21,0
437,1999-05-21,0
438,1999-05-21,5
439,1999-05-21,1
440,1999-05-21,2
441,1999-05-21,8
442,1999-05-21,6
443,1999-05-21,8
444,1999-05-21,5
445,1999-05-21,3
446,1999-05-21,4
447,1999-05-21,1
448,1999-05-21,2
449,1999-05-21,8
450,1999-05-21,6
451,1999-05-21,8
452,1999-05-21,5
453,1999-05-21,6
454,1999-05-21,0
455,1999-05-21,8
456,1999-05-21,7
457,1999-05-21,0
458,1999-05-21,0
459,1999-05-21,0
460,1999-05-21,5
461,1999-05-21,4
462,1999-05-21,4
463,1999-05-21,6
464,1999-05-21,6
465,1999-05-21,7
466,1999-05-21,6
467,1999-05-21,8
468,1999-05-21,4
469,1999-05-21,2
470,1999-05-21,1
471,1999-05-21,4
472,1999-05-21,1
473,1999-05-21,6
474,1999-05-21,3
475,1999-05-21,3
476,1999-05-21,3
477,1999-05-21,7
478,1999-05-21,5
479,1999-05-21,0
480,1999-05-21,3
481,1999-05-21,8
482,1999-05-21,5
483,1999-05-21,1
484,1999-05-21,8
485,1999-05-21,8
486,1999-05-21,5
487,1999-05-21,4
488,1999-05-21,5
489,1999-05-21,2
490,1999-05-21,7
491,1999-05-21,3
492,1999-05-21,6
493,1999-05-21,0
494,1999-05-21,3
495,1999-05-21,3
496,1999-05-21,0
497,1999-05-21,5
498,1999-05-21,6
499,1999-05-21,6
500,1999-05-21,5
501,1999-05-21,4
502,1999-05-21,1
503,1999-05-21,5
504,1999-05-21,1
505,1999-05-21,1
506,1999-05-21,5
507,1999-05-21,6
508,1999-05-21,3
509,1999-05-21,2
510,1999-05-21,1
511,1999-05-21,5
512,1999-05-21,4
513,1999-05-21,5
514,1999-05-21,7
515,1999-05-21,8
516,1999-05-21,5
517,1999-05-21,6
518,1999-05-21,2
519,1999-05-21,2
520,1999-05-21,3
521,1999-05-21,0
522,1999-05-21,0
523,1999-05-21,2
524,1999-05-21,2
525,1999-05-21,1
526,1999-05-21,5
527,1999-05-21,7
528,1999-05-21,5
529,1999-05-21,4
530,1999-05-21,8
531,1999-05-21,3
532,1999-05-21,2
533,1999-05-21,3
534,1999-05-21,3
535,1999-05-21,8
536,1999-05-21,4
537,1999-05-21,7
538,1999-05-21,2
539,1999-05-21,5
540,1999-05-21,5
541,1999-05-21,5
542,1999-05-21,2
543,1999-05-21,4
544,1999-05-21,2
545,1999-05-21,7
546,1999-05-21,4
547,1999-05-21,2
548,1999-05-21,8
549,1999-05-21,8
550,1999-05-21,7
551,1999-05-21,5
552,1999-05-21,5
553,1999-05-21,3
554,1999-05-21,0
555,1999-05-21,2
556,1999-05-21,4
557,1999-05-21,8
558,1999-05-21,3
559,1999-05-21,2
560,1999-05-21,8
561,1999-05-21,5
562,1999-05-21,5
563,1999-05-21,6
564,1999-05-21,5
565,1999-05-21,8
566,1999-05-21,3
567,1999-05-21,5
568,1999-05-21,6
569,1999-05-21,5
570,1999-05-21,5
571,1999-05-21,2
572,1999-05-21,3
573,1999-05-21,5
574,1999-05-21,1
575,1999-05-21,0
576,1999-05-21,8
577,1999-05-21,5
578,1999-05-21,0
579,1999-05-21,4
580,1999-05-21,3
581,1999-05-21,1
582,1999-05-21,7
583,1999-05-21,5
584,1999-05-21,0
585,1999-05-21,2
586,1999-05-21,2
587,1999-05-21,8
588,1999-05-21,3
589,1999-05-21,3
590,1999-05-21,8
591,1999-05-21,5
592,1999-05-21,1
593,1999-05-21,1
594,1999-05-21,8
595,1999-05-21,5
596,1999-05-21,1
597,1999-05-21,8
598,1999-05-21,4
599,1999-05-21,2
600,1999-05-21,8
601,1999-05-21,3
602,1999-05-21,0
603,1999-05-21,8
604,1999-05-21,6
605,1999-05-21,7
606,1999-05-21,7
607,1999-05-21,8
608,1999-05-21,2
609,1999-05-21,0
610,1999-05-21,5
611,1999-05-21,0
612,1999-05-21,1
613,1999-05-21,6
614,1999-05-21,8
615,1999-05-21,2
616,1999-05-21,6
617,1999-05-21,7
618,1999-05-21,0
619,1999-05-21,1
620,1999-05-21,3
621,1999-05-21,0
622,1999-05-21,8
623,1999-05-21,6
624,1999-05-21,7
625,1999-05-21,1
626,1999-05-21,7
627,1999-05-21,4
628,1999-05-21,2
629,1999-05-21,5
630,1999-05-21,3
631,1999-05-21,6
632,1999-05-21,7
633,1999-05-21,7
634,1999-05-21,3
635,1999-05-21,2
636,1999-05-21,2
637,1999-05-21,7
638,1999-05-21,2
639,1999-05-21,4
640,1999-05-21,2
641,1999-05-21,7
642,1999-05-21,6
643,1999-05-21,8
644,1999-05-21,3
645,1999-05-21,3
646,1999-05-21,3
647,1999-05-21,7
648,1999-05-21,4
649,1999-05-21,5
650,1999-05-21,0
651,1999-05-21,3
652,1999-05-21,0
653,1999-05-21,0
654,1999-05-21,2
655,1999-05-21,2
656,1999-05-21,7
657,1999-05-21,7
658,1999-05-21,6
659,1999-05-21,7
660,1999-05-21,8
661,1999-05-21,5
662,1999-05-21,6
663,1999-05-21,3
664,1999-05-21,0
665,1999-05-21,4
666,1999-05-21,0
667,1999-05-21,5
668,1999-05-21,2
669,1999-05-21,0
670,1999-05-21,3
671,1999-05-21,5
672,1999-05-21,4
673,1999-05-21,1
674,1999-05-21,0
675,1999-05-21,6
676,1999-05-21,4
677,1999-05-21,1
678,1999-05-21,4
679,1999-05-21,5
680,1999-05-21,0
681,1999-05-21,8
682,1999-05-21,8
683,1999-05-21,4
684,1999-05-21,0
685,1999-05-21,3
686,1999-05-21,4
687,1999-05-21,2
688,1999-05-21,1
689,1999-05-21,7
690,1999-05-21,4
691,1999-05-21,7
692,1999-05-21,6
693,1999-05-21,2
694,1999-05-21,2
695,1999-05-21,0
696,1999-05-21,8
697,1999-05-21,0
698,1999-05-21,8
699,1999-05-21,6
700,1999-05-21,3
701,1999-05-21,7
702,1999-05-21,2
703,1999-05-21,8
704,1999-05-21,6
705,1999-05-21,8
706,1999-05-21,6
707,1999-05-21,7
708,1999-05-21,8
709,1999-05-21,2
710,1999-05-21,4
711,1999-05-21,5
712,1999-05-21,3
713,1999-05-21,5
714,1999-05-21,6
715,1999-05-21,1
716,1999-05-21,8
717,1999-05-21,1
718,1999-05-21,6
719,1999-05-21,2
720,1999-05-21,6
721,1999-05-21,6
722,1999-05-21,0
723,1999-05-21,3
724,1999-05-21,2
725,1999-05-21,1
726,1999-05-21,8
727,1999-05-21,8
728,1999-05-21,5
729,1999-05-21,8
730,1999-05-21,8
731,1999-05-21,5
732,1999-05-21,0
733,1999-05-21,6
734,1999-05-21,0
735,1999-05-21,5
736,1999-05-21,7
737,1999-05-21,1
738,1999-05-21,4
739,1999-05-21,4
740,1999-05-21,0
741,1999-05-21,3
742,1999-05-21,2
743,1999-05-21,4
744,1999-05-21,0
745,1999-05-21,2
746,1999-05-21,7
747,1999-05-21,7
748,1999-05-21,2
749,1999-05-21,7
750,1999-05-21,2
751,1999-05-21,2
752,1999-05-21,4
753,1999-05-21,2
754,1999-05-21,2
755,1999-05-21,6
756,1999-05-21,1
757,1999-05-21,7
758,1999-05-21,3
759,1999-05-21,7
760,1999-05-21,7
761,1999-05-21,7
762,1999-05-21,3
763,1999-05-21,6
764,1999-05-21,2
765,1999-05-21,2
766,1999-05-21,7
767,1999-05-21,2
768,1999-05-21,0
769,1999-05-21,1
770,1999-05-21,2
771,1999-05-21,7
772,1999-05-21,8
773,1999-05-21,0
774,1999-05-21,7
775,1999-05-21,3
776,1999-05-21,4
777,1999-05-21,6
778,1999-05-21,4
779,1999-05-21,5
780,1999-05-21,1
781,1999-05-21,4
782,1999-05-21,1
783,1999-05-21,6
784,1999-05-21,2
785,1999-05-21,4
786,1999-05-21,0
787,1999-05-21,0
788,1999-05-21,6
789,1999-05-21,7
790,1999-05-21,4
791,1999-05-21,0
792,1999-05-21,8
793,1999-05-21,4
794,1999-05-21,6
795,1999-05-21,1
796,1999-05-21,4
797,1999-05-21,6
798,1999-05-21,7
799,1999-05-21,7
800,1999-05-21,1
801,1999-05-21,1
802,1999-05-21,6
803,1999-05-21,2
804,1999-05-21,5
805,1999-05-21,1
806,1999-05-21,8
807,1999-05-21,6
808,1999-05-21,4
809,1999-05-21,2
810,1999-05-21,7
811,1999-05-21,0
812,1999-05-21,2
813,1999-05-21,0
814,1999-05-21,8
815,1999-05-21,3
816,1999-05-21,0
817,1999-05-21,2
818,1999-05-21,2
819,1999-05-21,2
820,1999-05-21,7
821,1999-05-21,7
822,1999-05-21,3
823,1999-05-21,0
824,1999-05-21,0
825,1999-05-21,7
826,1999-05-21,4
827,1999-05-21,3
828,1999-05-21,3
829,1999-05-21,5
830,1999-05-21,2
831,1999-05-21,6
832,1999-05-21,8
833,1999-05-21,4
834,1999-05-21,8
835,1999-05-21,7
836,1999-05-21,0
837,1999-05-21,5
838,1999-05-21,6
839,1999-05-21,5
840,1999-05-21,8
841,1999-05-21,8
842,1999-05-21,5
843,1999-05-21,4
844,1999-05-21,8
845,1999-05-21,2
846,1999-05-21,8
847,1999-05-21,5
848,1999-05-21,0
849,1999-05-21,4
850,1999-05-21,1
851,1999-05-21,5
852,1999-05-21,5
853,1999-05-21,3
854,1999-05-21,0
855,1999-05-21,1
856,1999-05-21,0
857,1999-05-21,7
858,1999-05-21,7
859,1999-05-21,1
860,1999-05-21,5
861,1999-05-21,4
862,1999-05-21,6
863,1999-05-21,7
864,1999-05-21,4
865,1999-05-21,4
866,1999-05-21,0
867,1999-05-21,0
868,1999-05-21,5
869,1999-05-21,3
870,1999-05-21,1
871,1999-05-21,1
872,1999-05-21,6
873,1999-05-21,0
874,1999-05-21,5
875,1999-05-21,7
876,1999-05-21,0
877,1999-05-21,4
878,1999-05-21,3
879,1999-05-21,2
880,1999-05-21,8
881,1999-05-21,6
882,1999-05-21,2
883,1999-05-21,3
884,1999-05-21,2
885,1999-05-21,3
886,1999-05-21,2
887,1999-05-21,0
888,1999-05-21,6
889,1999-05-21,1
890,1999-05-21,7
891,1999-05-21,5
892,1999-05-21,5
893,1999-05-21,1
894,1999-05-21,3
895,1999-05-21,7
896,1999-05-21,2
897,1999-05-21,4
898,1999-05-21,6
899,1999-05-21,1
900,1999-05-21,4
901,1999-05-21,5
902,1999-05-21,3
903,1999-05-21,5
904,1999-05-21,4
905,1999-05-21,8
906,1999-05-21,8
907,1999-05-21,2
908,1999-05-21,0
909,1999-05-21,3
910,1999-05-21,0
911,1999-05-21,2
912,1999-05-21,6
913,1999-05-21,4
914,1999-05-21,1
915,1999-05-21,0
916,1999-05-21,5
917,1999-05-21,7
918,1999-05-21,6
919,1999-05-21,1
920,1999-05-21,0
921,1999-05-21,8
922,1999-05-21,7
923,1999-05-21,8
924,1999-05-21,4
925,1999-05-21,6
926,1999-05-21,2
927,1999-05-21,0
928,1999-05-21,3
929,1999-05-21,3
930,1999-05-21,7
931,1999-05-21,7
932,1999-05-21,7
933,1999-05-21,5
934,1999-05-21,3
935,1999-05-21,5
936,1999-05-21,2
937,1999-05-21,5
938,1999-05-21,2
939,1999-05-21,6
940,1999-05-21,4
941,1999-05-21,5
942,1999-05-21,2
943,1999-05-21,4
944,1999-05-21,7
945,1999-05-21,7
946,1999-05-21,8
947,1999-05-21,3
948,1999-05-21,6
949,1999-05-21,5
950,1999-05-21,3
951,1999-05-21,1
952,1999-05-21,3
953,1999-05-21,4
954,1999-05-21,8
955,1999-05-21,1
956,1999-05-21,2
957,1999-05-21,0
958,1999-05-21,1
959,1999-05-21,5
960,1999-05-21,2
961,1999-05-21,1
962,1999-05-21,4
963,1999-05-21,0
964,1999-05-21,5
965,1999-05-21,4
966,1999-05-21,6
967,1999-05-21,5
968,1999-05-21,4
969,1999-05-21,7
970,1999-05-21,2
971,1999-05-21,3
972,1999-05-21,3
973,1999-05-21,3
974,1999-05-21,6
975,1999-05-21,5
976,1999-05-21,5
977,1999-05-21,4
978,1999-05-21,8
979,1999-05-21,3
980,1999-05-21,3
981,1999-05-21,7
982,1999-05-21,3
983,1999-05-21,2
984,1999-05-21,3
985,1999-05-21,4
986,1999-05-21,4
987,1999-05-21,3
988,1999-05-21,3
989,1999-05-21,1
990,1999-05-21,2
991,1999-05-21,2
992,1999-05-21,3
993,1999-05-21,8
994,1999-05-21,4
995,1999-05-21,0
996,1999-05-21,4
997,1999-05-21,2
998,1999-05-21,7
999,1999-05-21,4
1000,1999-05-21,5
1001,1999-05-21,5
1002,1999-05-21,4
1003,1999-05-21,3
1004,1999-05-21,6
1005,1999-05-21,0
1006,1999-05-21,3
1007,1999-05-21,5
1008,1999-05-21,2
1009,1999-05-21,1
1010,1999-05-21,0
1011,1999-05-21,4
1012,1999-05-21,4
1013,1999-05-21,4
1014,1999-05-21,2
1015,1999-05-21,4
1016,1999-05-21,4
1017,1999-05-21,2
1018,1999-05-21,0
1019,1999-05-21,7
1020,1999-05-21,8
1021,1999-05-21,8
1022,1999-05-21,7
1023,1999-05-21,4
1024,1999-05-21,5
1025,1999-05-21,3
1026,1999-05-21,0
1027,1999-05-21,8
1028,1999-05-21,6
1029,1999-05-21,8
1030,1999-05-21,2
1031,1999-05-21,0
1032,1999-05-21,1
1033,1999-05-21,3
1034,1999-05-21,5
1035,1999-05-21,2
1036,1999-05-21,4
1037,1999-05-21,5
1038,1999-05-21,8
1039,1999-05-21,5
1040,1999-05-21,2
1041,1999-05-21,0
1042,1999-05-21,6
1043,1999-05-21,2
1044,1999-05-21,8
1045,1999-05-21,3
1046,1999-05-21,2
1047,1999-05-21,8
1048,1999-05-21,1
1049,1999-05-21,2
1050,1999-05-21,3
1051,1999-05-21,7
1052,1999-05-21,5
1053,1999-05-21,3
1054,1999-05-21,8
1055,1999-05-21,4
1056,1999-05-21,6
1057,1999-05-21,4
1058,1999-05-21,6
1059,1999-05-21,7
1060,1999-05-21,3
1061,1999-05-21,0
1062,1999-05-21,0
1063,1999-05-21,2
1064,1999-05-21,5
1065,1999-05-21,3
1066,1999-05-21,1
1067,1999-05-21,1
1068,1999-05-21,5
1069,1999-05-21,8
1070,1999-05-21,0
1071,1999-05-21,0
1072,1999-05-21,1
1073,1999-05-21,3
1074,1999-05-21,6
1075,1999-05-21,3
1076,1999-05-21,8
1077,1999-05-21,0
1078,1999-05-21,5
1079,1999-05-21,3
1080,1999-05-21,6
1081,1999-05-21,2
1082,1999-05-21,8
1083,1999-05-21,0
1084,1999-05-21,4
1085,1999-05-21,3
1086,1999-05-21,1
1087,1999-05-21,3
1088,1999-05-21,6
1089,1999-05-21,1
1090,1999-05-21,8
1091,1999-05-21,3
1092,1999-05-21,6
1093,1999-05-21,8
1094,1999-05-21,5
1095,1999-05-21,4
1096,1999-05-21,2
1097,1999-05-21,1
1098,1999-05-21,6
1099,1999-05-21,5
1100,1999-05-21,8
1101,1999-05-21,3
1102,1999-05-21,3
1103,1999-05-21,2
1104,1999-05-21,0
1105,1999-05-21,1
1106,1999-05-21,5
1107,1999-05-21,5
1108,1999-05-21,4
1109,1999-05-21,3
1110,1999-05-21,6
1111,1999-05-21,6
1112,1999-05-21,3
1113,1999-05-21,2
1114,1999-05-21,8
1115,1999-05-21,0
1116,1999-05-21,4
1117,1999-05-21,7
1118,1999-05-21,1
1119,1999-05-21,0
1120,1999-05-21,7
1121,1999-05-21,0
1122,1999-05-21,0
1123,1999-05-21,3
1124,1999-05-21,6
1125,1999-05-21,0
1126,1999-05-21,4
1127,1999-05-21,0
1128,1999-05-21,2
1129,1999-05-21,8
1130,1999-05-21,1
1131,1999-05-21,1
1132,1999-05-21,8
1133,1999-05-21,4
1134,1999-05-21,7
1135,1999-05-21,1
1136,1999-05-21,5
1137,1999-05-21,6
1138,1999-05-21,3
1139,1999-05-21,2
1140,1999-05-21,6
1141,1999-05-21,4
1142,1999-05-21,0
1143,1999-05-21,2
1144,1999-05-21,8
1145,1999-05-21,5
1146,1999-05-21,3
1147,1999-05-21,0
1148,1999-05-21,1
1149,1999-05-21,2
1150,1999-05-21,4
1151,1999-05-21,1
1152,1999-05-21,3
1153,1999-05-21,2
1154,1999-05-21,4
1155,1999-05-21,7
1156,1999-05-21,1
1157,1999-05-21,6
1158,1999-05-21,8
1159,1999-05-21,0
1160,1999-05-21,1
1161,1999-05-21,3
1162,1999-05-21,8
1163,1999-05-21,7
1164,1999-05-21,5
1165,1999-05-21,7
1166,1999-05-21,1
1167,1999-05-21,0
1168,1999-05-21,6
1169,1999-05-21,8
1170,1999-05-21,1
1171,1999-05-21,1
1172,1999-05-21,3
1173,1999-05-21,8
1174,1999-05-21,1
1175,1999-05-21,3
1176,1999-05-21,8
1177,1999-05-21,2
1178,1999-05-21,6
1179,1999-05-21,2
1180,1999-05-21,2
1181,1999-05-21,8
1182,1999-05-21,7
1183,1999-05-21,6
1184,1999-05-21,0
1185,1999-05-21,7
1186,1999-05-21,8
1187,1999-05-21,7
1188,1999-05-21,6
1189,1999-05-21,8
1190,1999-05-21,5
1191,1999-05-21,2
1192,1999-05-21,5
1193,1999-05-21,8
1194,1999-05-21,4
1195,1999-05-21,1
1196,1999-05-21,8
1197,1999-05-21,6
1198,1999-05-21,8
1199,1999-05-21,4
1200,1999-05-21,4
1201,1999-05-21,0
1202,1999-05-21,0
1203,1999-05-21,6
1204,1999-05-21,3
1205,1999-05-21,7
1206,1999-05-21,0
1207,1999-05-21,1
1208,1999-05-21,2
1209,1999-05-21,5
1210,1999-05-21,4
1211,1999-05-21,1
1212,1999-05-21,4
1213,1999-05-21,8
1214,1999-05-21,3
1215,1999-05-21,0
1216,1999-05-21,8
1217,1999-05-21,4
1218,1999-05-21,8
1219,1999-05-21,1
1220,1999-05-21,5
1221,1999-05-21,2
1222,1999-05-21,7
1223,1999-05-21,6
1224,1999-05-21,6
1225,1999-05-21,3
1226,1999-05-21,2
1227,1999-05-21,7
1228,1999-05-21,7
1229,1999-05-21,6
1230,1999-05-21,3
1231,1999-05-21,4
1232,1999-05-21,2
1233,1999-05-21,1
1234,1999-05-21,7
1235,1999-05-21,5
1236,1999-05-21,5
1237,1999-05-21,8
1238,1999-05-21,1
1239,1999-05-21,6
1240,1999-05-21,4
1241,1999-05-21,2
1242,1999-05-21,8
1243,1999-05-21,6
1244,1999-05-21,5
1245,1999-05-21,6
1246,1999-05-21,6
1247,1999-05-21,3
1248,1999-05-21,2
1249,1999-05-21,4
1250,1999-05-21,4
1251,1999-05-21,6
1252,1999-05-21,4
1253,1999-05-21,5
1254,1999-05-21,2
1255,1999-05-21,4
1256,1999-05-21,7
1257,1999-05-21,0
1258,1999-05-21,3
1259,1999-05-21,1
1260,1999-05-21,1
1261,1999-05-21,6
1262,1999-05-21,3
1263,1999-05-21,3
1264,1999-05-21,3
1265,1999-05-21,7
1266,1999-05-21,7
1267,1999-05-21,1
1268,1999-05-21,3
1269,1999-05-21,5
1270,1999-05-21,7
1271,1999-05-21,0
1272,1999-05-21,8
1273,1999-05-21,3
1274,1999-05-21,7
1275,1999-05-21,5
1276,1999-05-21,6
1277,1999-05-21,4
1278,1999-05-21,1
1279,1999-05-21,2
1280,1999-05-21,2
1281,1999-05-21,8
1282,1999-05-21,5
1283,1999-05-21,4
1284,1999-05-21,1
1285,1999-05-21,6
1286,1999-05-21,0
1287,1999-05-21,8
1288,1999-05-21,8
1289,1999-05-21,3
1290,1999-05-21,0
1291,1999-05-21,7
1292,1999-05-21,5
1293,1999-05-21,0
1294,1999-05-21,8
1295,1999-05-21,2
1296,1999-05-21,0
1297,1999-05-21,7
1298,1999-05-21,2
1299,1999-05-21,8
1300,1999-05-21,2
1301,1999-05-21,4
1302,1999-05-21,3
1303,1999-05-21,2
1304,1999-05-21,5
1305,1999-05-21,4
1306,1999-05-21,0
1307,1999-05-21,0
1308,1999-05-21,6
1309,1999-05-21,4
1310,1999-05-21,6
1311,1999-05-21,6
1312,1999-05-21,5
1313,1999-05-21,7
1314,1999-05-21,1
1315,1999-05-21,4
1316,1999-05-21,5
1317,1999-05-21,8
1318,1999-05-21,5
1319,1999-05-21,7
1320,1999-05-21,6
1321,1999-05-21,4
1322,1999-05-21,1
1323,1999-05-21,0
1324,1999-05-21,4
1325,1999-05-21,6
1326,1999-05-21,3
1327,1999-05-21,4
1328,1999-05-21,3
1329,1999-05-21,0
1330,1999-05-21,4
1331,1999-05-21,5
1332,1999-05-21,3
1333,1999-05-21,2
1334,1999-05-21,6
1335,1999-05-21,0
1336,1999-05-21,5
1337,1999-05-21,7
1338,1999-05-21,2
1339,1999-05-21,0
1340,1999-05-21,1
1341,1999-05-21,5
1342,1999-05-21,8
1343,1999-05-21,4
1344,1999-05-21,2
1345,1999-05-21,5
1346,1999-05-21,0
1347,1999-05-21,7
1348,1999-05-21,6
1349,1999-05-21,8
1350,1999-05-21,6
1351,1999-05-21,7
1352,1999-05-21,6
1353,1999-05-21,2
1354,1999-05-21,4
1355,1999-05-21,1
1356,1999-05-21,6
1357,1999-05-21,7
1358,1999-05-21,6
1359,1999-05-21,0
1360,1999-05-21,0
1361,1999-05-21,5
1362,1999-05-21,5
1363,1999-05-21,5
1364,1999-05-21,1
1365,1999-05-21,1
1366,1999-05-21,2
1367,1999-05-21,3
1368,1999-05-21,6
1369,1999-05-21,1
1370,1999-05-21,4
1371,1999-05-21,2
1372,1999-05-21,4
1373,1999-05-21,1
1374,1999-05-21,7
1375,1999-05-21,2
1376,1999-05-21,0
1377,1999-05-21,8
1378,1999-05-21,7
1379,1999-05-21,1
1380,1999-05-21,8
1381,1999-05-21,1
1382,1999-05-21,6
1383,1999-05-21,6
1384,1999-05-21,5
1385,1999-05-21,0
1386,1999-05-21,2
1387,1999-05-21,8
1388,1999-05-21,3
1389,1999-05-21,8
1390,1999-05-21,5
1391,1999-05-21,7
1392,1999-05-21,1
1393,1999-05-21,7
1394,1999-05-21,3
1395,1999-05-21,1
1396,1999-05-21,8
1397,1999-05-21,1
1398,1999-05-21,6
1399,1999-05-21,4
1400,1999-05-21,6
1401,1999-05-21,0
1402,1999-05-21,8
1403,1999-05-21,4
1404,1999-05-21,6
1405,1999-05-21,7
1406,1999-05-21,4
1407,1999-05-21,4
1408,1999-05-21,8
1409,1999-05-21,1
1410,1999-05-21,2
1411,1999-05-21,7
1412,1999-05-21,7
1413,1999-05-21,5
1414,1999-05-21,6
1415,1999-05-21,0
1416,1999-05-21,6
1417,1999-05-21,6
1418,1999-05-21,1
1419,1999-05-21,0
1420,1999-05-21,0
1421,1999-05-21,5
1422,1999-05-21,0
1423,1999-05-21,7
1424,1999-05-21,4
1425,1999-05-21,6
1426,1999-05-21,6
1427,1999-05-21,4
1428,1999-05-21,3
1429,1999-05-21,6
1430,1999-05-21,4
1431,1999-05-21,8
1432,1999-05-21,6
1433,1999-05-21,6
1434,1999-05-21,1
1435,1999-05-21,1
1436,1999-05-21,0
1437,1999-05-21,5
1438,1999-05-21,5
1439,1999-05-21,1
1440,1999-05-21,3
1441,1999-05-21,5
1442,1999-05-21,8
1443,1999-05-21,6
1444,1999-05-21,3
1445,1999-05-21,3
1446,1999-05-21,1
1447,1999-05-21,2
1448,1999-05-21,1
1449,1999-05-21,5
1450,1999-05-21,7
1451,1999-05-21,7
1452,1999-05-21,1
1453,1999-05-21,0
1454,1999-05-21,3
1455,1999-05-21,1
1456,1999-05-21,3
1457,1999-05-21,8
1458,1999-05-21,3
1459,1999-05-21,0
1460,1999-05-21,8
1461,1999-05-21,4
1462,1999-05-21,5
1463,1999-05-21,3
1464,1999-05-21,1
1465,1999-05-21,2
1466,1999-05-21,5
1467,1999-05-21,8
1468,1999-05-21,2
1469,1999-05-21,4
1470,1999-05-21,8
1471,1999-05-21,5
1472,1999-05-21,6
1473,1999-05-21,0
1474,1999-05-21,0
1475,1999-05-21,0
1476,1999-05-21,3
1477,1999-05-21,3
1478,1999-05-21,1
1479,1999-05-21,1
1480,1999-05-21,4
1481,1999-05-21,2
1482,1999-05-21,7
1483,1999-05-21,0
1484,1999-05-21,5
1485,1999-05-21,7
1486,1999-05-21,1
1487,1999-05-21,5
1488,1999-05-21,1
1489,1999-05-21,8
1490,1999-05-21,6
1491,1999-05-21,3
1492,1999-05-21,6
1493,1999-05-21,1
1494,1999-05-21,1
1495,1999-05-21,0
1496,1999-05-21,0
1497,1999-05-21,8
1498,1999-05-21,0
1499,1999-05-21,1
1500,1999-05-21,3
1501,1999-05-21,4
1502,1999-05-21,0
1503,1999-05-21,2
1504,1999-05-21,5
1505,1999-05-21,3
1506,1999-05-21,8
1507,1999-05-21,5
1508,1999-05-21,0
1509,1999-05-21,8
1510,1999-05-21,8
1511,1999-05-21,4
1512,1999-05-21,4
1513,1999-05-21,2
1514,1999-05-21,4
1515,1999-05-21,5
1516,1999-05-21,7
1517,1999-05-21,4
1518,1999-05-21,3
1519,1999-05-21,7
1520,1999-05-21,1
1521,1999-05-21,7
1522,1999-05-21,0
1523,1999-05-21,4
1524,1999-05-21,8
1525,1999-05-21,7
1526,1999-05-21,2
1527,1999-05-21,6
1528,1999-05-21,0
1529,1999-05-21,2
1530,1999-05-21,3
1531,1999-05-21,6
1532,1999-05-21,5
1533,1999-05-21,1
1534,1999-05-21,6
1535,1999-05-21,1
1536,1999-05-21,6
1537,1999-05-21,7
1538,1999-05-21,5
1539,1999-05-21,8
1540,1999-05-21,3
1541,1999-05-21,1
1542,1999-05-21,7
1543,1999-05-21,7
1544,1999-05-21,1
1545,1999-05-21,2
1546,1999-05-21,4
1547,1999-05-21,2
1548,1999-05-21,2
1549,1999-05-21,8
1550,1999-05-21,3
1551,1999-05-21,6
1552,1999-05-21,2
1553,1999-05-21,1
1554,1999-05-21,6
1555,1999-05-21,7
1556,1999-05-21,1
1557,1999-05-21,8
1558,1999-05-21,5
1559,1999-05-21,7
1560,1999-05-21,5
1561,1999-05-21,4
1562,1999-05-21,3
1563,1999-05-21,0
1564,1999-05-21,5
1565,1999-05-21,6
1566,1999-05-21,3
1567,1999-05-21,6
1568,1999-05-21,3
1569,1999-05-21,7
1570,1999-05-21,4
1571,1999-05-21,1
1572,1999-05-21,7
1573,1999-05-21,5
1574,1999-05-21,6
1575,1999-05-21,5
1576,1999-05-21,5
1577,1999-05-21,6
1578,1999-05-21,7
1579,1999-05-21,7
1580,1999-05-21,3
1581,1999-05-21,7
1582,1999-05-21,7
1583,1999-05-21,1
1584,1999-05-21,5
1585,1999-05-21,7
1586,1999-05-21,0
1587,1999-05-21,2
1588,1999-05-21,6
1589,1999-05-21,2
1590,1999-05-21,7
1591,1999-05-21,5
1592,1999-05-21,1
1593,1999-05-21,3
1594,1999-05-21,7
1595,1999-05-21,4
1596,1999-05-21,4
1597,1999-05-21,5
1598,1999-05-21,0
1599,1999-05-21,5
1600,1999-05-21,0
1601,1999-05-21,1
1602,1999-05-21,6
1603,1999-05-21,6
1604,1999-05-21,1
1605,1999-05-21,6
1606,1999-05-21,7
1607,1999-05-21,2
1608,1999-05-21,3
1609,1999-05-21,1
1610,1999-05-21,5
1611,1999-05-21,7
1612,1999-05-21,4
1613,1999-05-21,6
1614,1999-05-21,2
1615,1999-05-21,6
1616,1999-05-21,5
1617,1999-05-21,1
1618,1999-05-21,6
1619,1999-05-21,3
1620,1999-05-21,1
1621,1999-05-21,0
1622,1999-05-21,3
1623,1999-05-21,2
1624,1999-05-21,7
1625,1999-05-21,3
1626,1999-05-21,7
1627,1999-05-21,6
1628,1999-05-21,1
1629,1999-05-21,5
1630,1999-05-21,6
1631,1999-05-21,8
1632,1999-05-21,0
1633,1999-05-21,3
1634,1999-05-21,0
1635,1999-05-21,6
1636,1999-05-21,4
1637,1999-05-21,4
1638,1999-05-21,5
1639,1999-05-21,3
1640,1999-05-21,1
1641,1999-05-21,6
1642,1999-05-21,3
1643,1999-05-21,2
1644,1999-05-21,4
1645,1999-05-21,2
1646,1999-05-21,3
1647,1999-05-21,4
1648,1999-05-21,1
1649,1999-05-21,8
1650,1999-05-21,7
1651,1999-05-21,0
1652,1999-05-21,0
1653,1999-05-21,2
1654,1999-05-21,8
1655,1999-05-21,0
1656,1999-05-21,5
1657,1999-05-21,3
1658,1999-05-21,7
1659,1999-05-21,6
1660,1999-05-21,2
1661,1999-05-21,8
1662,1999-05-21,1
1663,1999-05-21,3
1664,1999-05-21,0
1665,1999-05-21,1
1666,1999-05-21,4
1667,1999-05-21,0
1668,1999-05-21,4
1669,1999-05-21,1
1670,1999-05-21,0
1671,1999-05-21,8
1672,1999-05-21,5
1673,1999-05-21,4
1674,1999-05-21,2
1675,1999-05-21,5
1676,1999-05-21,3
1677,1999-05-21,5
1678,1999-05-21,7
1679,1999-05-21,6
1680,1999-05-21,7
1681,1999-05-21,8
1682,1999-05-21,2
1683,1999-05-21,7
1684,1999-05-21,4
1685,1999-05-21,3
1686,1999-05-21,4
1687,1999-05-21,8
1688,1999-05-21,1
1689,1999-05-21,2
1690,1999-05-21,1
1691,1999-05-21,3
1692,1999-05-21,6
1693,1999-05-21,6
1694,1999-05-21,8
1695,1999-05-21,2
1696,1999-05-21,1
1697,1999-05-21,3
1698,1999-05-21,5
1699,1999-05-21,5
1700,1999-05-21,8
1701,1999-05-21,3
1702,1999-05-21,4
1703,1999-05-21,3
1704,1999-05-21,0
1705,1999-05-21,2
1706,1999-05-21,2
1707,1999-05-21,4
1708,1999-05-21,7
1709,1999-05-21,6
1710,1999-05-21,4
1711,1999-05-21,7
1712,1999-05-21,0
1713,1999-05-21,0
1714,1999-05-21,3
1715,1999-05-21,0
1716,1999-05-21,8
1717,1999-05-21,8
1718,1999-05-21,7
1719,1999-05-21,0
1720,1999-05-21,3
1721,1999-05-21,3
1722,1999-05-21,4
1723,1999-05-21,1
1724,1999-05-21,8
1725,1999-05-21,1
1726,1999-05-21,5
1727,1999-05-21,7
1728,1999-05-21,1
1729,1999-05-21,3
1730,1999-05-21,3
1731,1999-05-21,4
1732,1999-05-21,2
1733,1999-05-21,4
1734,1999-05-21,6
1735,1999-05-21,5
1736,1999-05-21,3
1737,1999-05-21,5
1738,1999-05-21,0
1739,1999-05-21,8
1740,1999-05-21,6
1741,1999-05-21,8
1742,1999-05-21,3
1743,1999-05-21,7
1744,1999-05-21,5
1745,1999-05-21,8
1746,1999-05-21,0
1747,1999-05-21,7
1748,1999-05-21,7
1749,1999-05-21,6
1750,1999-05-21,1
1751,1999-05-21,3
1752,1999-05-21,4
1753,1999-05-21,1
1754,1999-05-21,5
1755,1999-05-21,4
1756,1999-05-21,2
1757,1999-05-21,0
1758,1999-05-21,3
1759,1999-05-21,8
1760,1999-05-21,4
1761,1999-05-21,4
1762,1999-05-21,6
1763,1999-05-21,0
1764,1999-05-21,6
1765,1999-05-21,3
1766,1999-05-21,8
1767,1999-05-21,5
1768,1999-05-21,5
1769,1999-05-21,0
1770,1999-05-21,6
1771,1999-05-21,5
1772,1999-05-21,5
1773,1999-05-21,6
1774,1999-05-21,5
1775,1999-05-21,4
1776,1999-05-21,2
1777,1999-05-21,5
1778,1999-05-21,8
1779,1999-05-21,2
1780,1999-05-21,4
1781,1999-05-21,2
1782,1999-05-21,3
1783,1999-05-21,6
1784,1999-05-21,2
1785,1999-05-21,6
1786,1999-05-21,1
1787,1999-05-21,3
1788,1999-05-21,7
1789,1999-05-21,5
1790,1999-05-21,2
1791,1999-05-21,4
1792,1999-05-21,1
1793,1999-05-21,5
1794,1999-05-21,3
1795,1999-05-21,5
1796,1999-05-21,3
1797,1999-05-21,6
1798,1999-05-21,8
1799,1999-05-21,0
1800,1999-05-21,8
1801,1999-05-21,2
1802,1999-05-21,5
1803,1999-05-21,1
1804,1999-05-21,7
1805,1999-05-21,7
1806,1999-05-21,8
1807,1999-05-21,0
1808,1999-05-21,7
1809,1999-05-21,7
1810,1999-05-21,8
1811,1999-05-21,8
1812,1999-05-21,3
1813,1999-05-21,3
1814,1999-05-21,5
1815,1999-05-21,2
1816,1999-05-21,0
1817,1999-05-21,6
1818,1999-05-21,5
1819,1999-05-21,2
1820,1999-05-21,8
1821,1999-05-21,3
1822,1999-05-21,8
1823,1999-05-21,7
1824,1999-05-21,0
1825,1999-05-21,4
1826,1999-05-21,1
1827,1999-05-21,7
1828,1999-05-21,2
1829,1999-05-21,4
1830,1999-05-21,0
1831,1999-05-21,2
1832,1999-05-21,8
1833,1999-05-21,1
1834,1999-05-21,1
1835,1999-05-21,0
1836,1999-05-21,7
1837,1999-05-21,6
1838,1999-05-21,7
1839,1999-05-21,3
1840,1999-05-21,4
1841,1999-05-21,6
1842,1999-05-21,5
1843,1999-05-21,1
1844,1999-05-21,2
1845,1999-05-21,0
1846,1999-05-21,0
1847,1999-05-21,6
1848,1999-05-21,1
1849,1999-05-21,0
1850,1999-05-21,8
1851,1999-05-21,7
1852,1999-05-21,1
1853,1999-05-21,5
1854,1999-05-21,1
1855,1999-05-21,1
1856,1999-05-21,7
1857,1999-05-21,8
1858,1999-05-21,2
1859,1999-05-21,5
1860,1999-05-21,4
1861,1999-05-21,3
1862,1999-05-21,2
1863,1999-05-21,2
1864,1999-05-21,5
1865,1999-05-21,3
1866,1999-05-21,7
1867,1999-05-21,1
1868,1999-05-21,3
1869,1999-05-21,3
1870,1999-05-21,1
1871,1999-05-21,6
1872,1999-05-21,6
1873,1999-05-21,0
1874,1999-05-21,3
1875,1999-05-21,6
1876,1999-05-21,7
1877,1999-05-21,8
1878,1999-05-21,2
1879,1999-05-21,8
1880,1999-05-21,2
1881,1999-05-21,8
1882,1999-05-21,5
1883,1999-05-21,6
1884,1999-05-21,7
1885,1999-05-21,8
1886,1999-05-21,2
1887,1999-05-21,4
1888,1999-05-21,8
1889,1999-05-21,5
1890,1999-05-21,6
1891,1999-05-21,6
1892,1999-05-21,2
1893,1999-05-21,7
1894,1999-05-21,7
1895,1999-05-21,2
1896,1999-05-21,0
1897,1999-05-21,6
1898,1999-05-21,1
1899,1999-05-21,6
1900,1999-05-21,2
1901,1999-05-21,2
1902,1999-05-21,0
1903,1999-05-21,6
1904,1999-05-21,5
1905,1999-05-21,8
1906,1999-05-21,0
1907,1999-05-21,4
1908,1999-05-21,3
1909,1999-05-21,5
1910,1999-05-21,1
1911,1999-05-21,1
1912,1999-05-21,5
1913,1999-05-21,0
1914,1999-05-21,1
1915,1999-05-21,8
1916,1999-05-21,8
1917,1999-05-21,7
1918,1999-05-21,1
1919,1999-05-21,1
1920,1999-05-21,0
1921,1999-05-21,6
1922,1999-05-21,7
1923,1999-05-21,0
1924,1999-05-21,3
1925,1999-05-21,6
1926,1999-05-21,1
1927,1999-05-21,6
1928,1999-05-21,3
1929,1999-05-21,6
1930,1999-05-21,1
1931,1999-05-21,8
1932,1999-05-21,4
1933,1999-05-21,4
1934,1999-05-21,1
1935,1999-05-21,0
1936,1999-05-21,4
1937,1999-05-21,6
1938,1999-05-21,8
1939,1999-05-21,6
1940,1999-05-21,5
1941,1999-05-21,6
1942,1999-05-21,4
1943,1999-05-21,8
1944,1999-05-21,5
1945,1999-05-21,7
1946,1999-05-21,2
1947,1999-05-21,4
1948,1999-05-21,6
1949,1999-05-21,8
1950,1999-05-21,7
1951,1999-05-21,6
1952,1999-05-21,1
1953,1999-05-21,1
1954,1999-05-21,6
1955,1999-05-21,7
1956,1999-05-21,7
1957,1999-05-21,5
1958,1999-05-21,3
1959,1999-05-21,7
1960,1999-05-21,1
1961,1999-05-21,3
1962,1999-05-21,8
1963,1999-05-21,2
1964,1999-05-21,2
1965,1999-05-21,6
1966,1999-05-21,3
1967,1999-05-21,7
1968,1999-05-21,7
1969,1999-05-21,6
1970,1999-05-21,0
1971,1999-05-21,5
1972,1999-05-21,5
1973,1999-05-21,4
1974,1999-05-21,0
1975,1999-05-21,3
1976,1999-05-21,6
1977,1999-05-21,2
1978,1999-05-21,0
1979,1999-05-21,3
1980,1999-05-21,1
1981,1999-05-21,7
1982,1999-05-21,8
1983,1999-05-21,2
1984,1999-05-21,0
1985,1999-05-21,1
1986,1999-05-21,7
1987,1999-05-21,6
1988,1999-05-21,7
1989,1999-05-21,8
1990,1999-05-21,0
1991,1999-05-21,6
1992,1999-05-21,5
1993,1999-05-21,8
1994,1999-05-21,8
1995,1999-05-21,5
1996,1999-05-21,7
1997,1999-05-21,5
1998,1999-05-21,5
1999,1999-05-21,3
0,1999-12-21,4
0,2001-05-12,3
0,2002-02-27,3
0,2003-03-04,3
0,2004-01-09,3
1,1999-09-22,7
1,2000-10-05,7
1,2001-06-01,7
1,2003-03-01,7
1,2004-01-21,7
2,2000-02-07,8
2,2000-05-30,8
2,2001-11-26,8
2,2002-10-03,3
2,2004-01-09,3
3,2000-05-17,2
3,2001-04-20,2
3,2002-05-05,2
3,2002-10-23,2
3,2004-02-20,2
4,1999-11-19,2
4,2000-10-05,8
4,2002-05-05,8
4,2002-07-03,8
4,2003-09-07,8
5,1999-11-07,3
5,2000-12-28,3
5,2001-09-22,4
5,2003-02-02,4
5,2004-02-14,4
6,1999-08-23,8
6,2001-01-12,8
6,2001-08-16,8
6,2002-08-04,8
6,2003-10-03,8
7,1999-06-09,3
7,2000-09-04,3
7,2002-03-04,3
7,2003-04-19,4
7,2003-09-26,4
8,1999-12-06,5
8,2000-09-27,5
8,2001-10-01,5
8,2002-06-12,5
8,2003-08-07,5
9,2000-05-15,4
9,2001-01-11,4
9,2001-05-31,4
9,2003-03-14,4
9,2003-12-24,4
10,1999-05-27,2
10,2000-12-12,2
10,2002-02-09,2
10,2002-05-31,2
10,2003-11-02,2
11,1999-06-06,2
11,2000-11-07,2
11,2002-04-28,2
11,2003-04-30,3
11,2003-12-20,3
12,1999-10-01,8
12,2001-04-23,8
12,2002-04-14,8
12,2003-02-14,8
12,2003-07-24,8
13,1999-07-10,2
13,2000-06-14,2
13,2001-06-16,2
13,2003-05-13,2
13,2003-08-24,2
14,1999-05-30,8
14,2001-01-17,8
14,2002-03-03,8
14,2003-03-23,8
14,2004-01-06,8
15,2000-02-10,5
15,2000-10-11,5
15,2001-12-20,5
15,2002-12-20,7
15,2003-09-21,7
16,1999-12-03,5
16,2000-10-03,5
16,2002-01-30,5
16,2002-12-23,5
16,2004-01-30,5
17,1999-10-16,0
17,2001-01-17,0
17,2001-10-21,0
17,2002-05-31,0
17,2003-12-22,0
18,2000-02-29,8
18,2000-09-12,8
18,2001-11-07,8
18,2002-08-12,4
18,2003-11-03,4
19,2000-05-08,0
19,2001-04-07,8
19,2002-04-10,8
19,2003-03-05,8
19,2004-01-19,8
20,1999-06-09,2
20,2000-10-29,2
20,2001-08-26,2
20,2002-09-10,2
20,2003-11-29,2
21,2000-05-15,5
21,2001-04-08,5
21,2001-05-29,5
21,2002-11-02,4
21,2003-06-14,4
22,1999-09-14,7
22,2000-06-17,7
22,2002-05-07,7
22,2002-07-25,7
22,2004-04-12,7
23,1999-05-21,8
23,2000-07-20,8
23,2002-01-12,8
23,2002-06-09,8
23,2003-10-29,8
24,1999-10-10,3
24,2001-04-08,3
24,2001-07-28,3
24,2002-12-03,3
24,2004-05-03,3
25,2000-05-14,3
25,2001-04-29,3
25,2002-03-29,3
25,2003-03-01,3
25,2004-01-24,3
26,1999-08-16,1
26,2001-01-18,1
26,2001-05-25,1
26,2002-06-15,1
26,2003-05-28,1
27,1999-09-17,2
27,2000-12-23,2
27,2001-12-18,2
27,2003-03-02,2
27,2003-10-26,8
28,1999-11-29,2
28,2000-09-12,8
28,2002-05-18,8
28,2002-09-21,8
28,2004-05-06,8
29,1999-11-05,6
29,2001-04-05,6
29,2002-02-22,6
29,2003-04-24,6
29,2003-11-15,6
30,2000-01-24,7
30,2000-06-27,7
30,2001-06-29,7
30,2002-10-04,7
30,2003-09-13,7
31,1999-09-09,7
31,2000-11-03,7
31,2001-09-12,7
31,2002-07-06,7
31,2003-08-28,7
32,1999-10-30,5
32,2001-04-21,5
32,2002-03-01,5
32,2002-06-05,5
32,2003-12-23,5
33,2000-04-05,6
33,2000-05-23,8
33,2001-09-01,8
33,2002-09-09,8
33,2003-06-08,8
34,2000-05-14,0
34,2000-08-27,0
34,2002-03-25,1
34,2003-01-22,1
34,2003-06-25,1
35,1999-12-07,7
35,2000-05-24,7
35,2002-01-28,7
35,2002-05-21,7
35,2004-02-02,7
36,2000-02-08,5
36,2001-05-09,5
36,2001-09-01,5
36,2003-03-07,5
36,2004-01-15,5
37,2000-01-22,3
37,2000-11-28,3
37,2001-06-23,3
37,2003-03-01,3
37,2004-02-20,3
38,2000-02-12,3
38,2000-11-15,3
38,2001-11-12,3
38,2002-12-25,2
38,2004-02-04,2
39,2000-04-21,3
39,2001-03-27,3
39,2002-04-16,3
39,2002-10-29,2
39,2003-10-08,2
40,2000-02-10,7
40,2000-07-16,7
40,2001-08-09,7
40,2002-07-02,7
40,2004-01-16,7
41,2000-02-24,8
41,2001-04-19,8
41,2001-12-06,8
41,2003-01-24,8
41,2003-09-16,8
42,2000-03-18,0
42,2001-02-03,0
42,2002-01-02,0
42,2002-11-08,0
42,2003-10-26,0
43,2000-05-03,8
43,2001-04-11,8
43,2001-06-30,8
43,2002-09-05,8
43,2003-10-09,8
44,2000-01-10,7
44,2000-08-05,7
44,2002-02-03,7
44,2003-01-14,7
44,2003-06-01,7
45,2000-04-06,5
45,2001-05-01,8
45,2002-05-16,8
45,2002-07-30,8
45,2004-02-17,8
46,2000-01-26,5
46,2000-06-09,5
46,2001-07-04,5
46,2003-03-15,5
46,2004-01-27,8
47,1999-12-03,0
47,2000-09-17,0
47,2002-05-04,8
47,2003-05-18,8
47,2003-11-23,8
48,1999-11-25,6
48,2000-07-03,6
48,2001-09-14,6
48,2002-12-05,7
48,2004-01-10,7
49,1999-07-28,8
49,2001-05-12,8
49,2001-12-30,8
49,2002-06-24,8
49,2004-01-23,8
50,1999-09-30,6
50,2001-04-04,5
50,2001-12-08,5
50,2002-09-21,5
50,2003-10-08,5
51,1999-06-14,4
51,2000-12-13,4
51,2001-07-06,4
51,2003-05-10,4
51,2003-05-30,4
52,1999-07-20,5
52,2000-10-21,5
52,2001-09-27,5
52,2002-11-13,4
52,2004-02-12,4
53,1999-12-05,3
53,2000-10-04,3
53,2001-08-25,3
53,2002-10-06,3
53,2003-11-21,8
54,1999-09-15,4
54,2001-02-04,3
54,2001-09-26,3
54,2003-04-02,3
54,2003-07-17,3
55,1999-06-02,3
55,2000-07-06,5
55,2002-03-02,6
55,2003-03-11,7
55,2004-03-03,7
56,1999-05-26,3
56,2001-03-20,3
56,2002-05-16,3
56,2002-05-26,3
56,2003-06-27,3
57,1999-11-06,5
57,2000-10-27,4
57,2002-05-04,4
57,2002-08-08,5
57,2003-10-02,5
58,1999-11-25,6
58,2001-03-27,6
58,2001-10-21,6
58,2002-09-07,8
58,2003-09-04,8
59,1999-11-02,0
59,2000-05-29,0
59,2002-03-27,0
59,2002-07-27,0
59,2004-05-15,0
60,1999-11-19,5
60,2001-01-14,6
60,2001-06-17,8
60,2002-12-17,8
60,2004-01-18,8
61,2000-05-07,1
61,2000-12-09,1
61,2002-02-27,1
61,2003-02-26,1
61,2004-04-22,1
62,2000-05-05,7
62,2000-10-13,7
62,2002-01-07,7
62,2003-02-12,7
62,2004-03-30,7
63,1999-11-22,1
63,2000-07-12,1
63,2001-07-11,1
63,2002-08-16,1
63,2003-06-15,1
64,2000-04-19,6
64,2000-11-12,6
64,2002-01-02,6
64,2003-04-12,7
64,2003-06-03,7
65,2000-03-08,7
65,2001-04-15,7
65,2001-11-08,7
65,2002-07-30,7
65,2004-04-17,7
66,1999-07-09,8
66,2000-12-15,8
66,2001-12-26,8
66,2002-09-01,8
66,2003-11-09,8
67,1999-07-16,7
67,2000-08-19,7
67,2002-04-16,7
67,2003-03-10,7
67,2003-06-01,7
68,1999-07-02,0
68,2000-07-22,0
68,2001-09-15,0
68,2002-06-05,0
68,2003-12-01,0
69,2000-01-10,4
69,2001-01-25,4
69,2002-02-10,4
69,2002-06-09,4
69,2003-08-15,3
70,2000-01-21,3
70,2001-02-01,3
70,2002-03-09,3
70,2003-01-29,4
70,2004-01-29,4
71,1999-08-23,1
71,2000-10-24,1
71,2001-08-31,1
71,2002-10-18,1
71,2004-04-17,1
72,2000-04-30,0
72,2001-04-14,8
72,2001-10-13,8
72,2003-05-11,8
72,2003-12-12,8
73,2000-01-14,8
73,2001-03-20,2
73,2001-12-12,2
73,2002-12-29,2
73,2004-01-05,2
74,1999-08-15,2
74,2001-01-28,2
74,2001-05-24,2
74,2003-02-16,2
74,2003-10-05,2
75,2000-01-22,0
75,2000-10-24,0
75,2001-06-14,0
75,2002-12-20,0
75,2004-05-03,0
76,1999-06-05,1
76,2000-06-11,1
76,2002-04-10,1
76,2002-07-09,1
76,2003-07-30,1
77,1999-06-24,7
77,2000-08-16,7
77,2002-05-11,7
77,2002-08-19,7
77,2003-09-29,7
78,2000-04-11,2
78,2000-09-01,2
78,2001-12-14,2
78,2002-11-12,2
78,2004-01-08,2
79,2000-02-12,3
79,2001-02-07,3
79,2001-06-03,3
79,2002-08-06,3
79,2003-10-05,3
80,1999-06-02,8
80,2000-06-20,8
80,2002-03-20,8
80,2003-02-04,8
80,2003-07-02,8
81,2000-03-06,2
81,2000-10-27,2
81,2001-11-09,2
81,2002-10-29,2
81,2004-01-27,2
82,2000-05-17,1
82,2000-12-11,2
82,2001-06-24,2
82,2002-06-10,2
82,2003-11-12,2
83,1999-07-27,3
83,2001-03-08,3
83,2001-07-13,3
83,2003-03-12,3
83,2003-06-25,3
84,1999-11-19,4
84,2001-04-18,4
84,2002-03-03,6
84,2002-11-11,6
84,2003-06-23,6
85,2000-01-22,6
85,2000-06-02,6
85,2002-02-14,6
85,2002-05-31,8
85,2004-04-10,8
86,2000-02-23,0
86,2001-02-17,0
86,2001-05-23,0
86,2002-11-22,0
86,2003-12-18,0
87,1999-11-06,2
87,2001-03-10,2
87,2001-06-16,2
87,2003-03-08,2
87,2004-04-27,2
88,1999-12-25,5
88,2000-10-28,6
88,2001-08-03,6
88,2002-11-09,6
88,2004-05-11,6
89,1999-06-20,6
89,2000-09-16,7
89,2002-05-15,7
89,2002-12-24,7
89,2004-05-06,7
90,1999-08-26,3
90,2000-10-04,4
90,2002-04-29,4
90,2003-02-03,4
90,2003-11-18,4
91,2000-02-06,0
91,2000-12-19,0
91,2002-01-31,0
91,2003-05-14,0
91,2004-01-11,0
92,1999-06-15,0
92,2000-06-19,0
92,2001-07-09,0
92,2003-02-26,8
92,2004-04-08,8
93,1999-12-11,0
93,2001-01-03,0
93,2002-03-10,0
93,2002-06-05,0
93,2004-01-18,0
94,1999-11-19,7
94,2000-09-29,7
94,2002-04-08,7
94,2002-10-03,7
94,2003-05-21,7
95,2000-03-13,4
95,2000-06-19,4
95,2001-10-08,8
95,2002-10-11,8
95,2004-03-13,8
96,2000-02-09,7
96,2000-11-07,7
96,2002-02-05,7
96,2002-08-16,7
96,2004-05-15,7
97,2000-05-08,8
97,2001-01-20,8
97,2002-03-08,8
97,2003-04-10,7
97,2003-08-21,7
98,2000-01-16,2
98,2000-06-05,2
98,2002-04-29,2
98,2003-01-27,2
98,2004-01-28,2
99,1999-11-29,8
99,2000-10-26,8
99,2001-11-28,8
99,2002-09-14,8
99,2004-02-20,8
100,1999-10-23,2
100,2000-12-07,2
100,2002-02-01,2
100,2002-06-28,2
100,2003-09-11,2
101,2000-02-19,7
101,2000-09-23,7
101,2002-03-05,7
101,2002-10-21,7
101,2004-02-04,7
102,2000-05-10,3
102,2000-12-03,3
102,2001-07-22,3
102,2002-06-14,3
102,2004-03-18,3
103,2000-01-26,2
103,2000-06-22,2
103,2001-09-25,3
103,2002-11-26,3
103,2004-02-02,3
104,2000-01-08,3
104,2001-01-25,3
104,2002-04-07,4
104,2003-04-14,4
104,2003-07-19,4
105,1999-08-29,4
105,2001-02-15,4
105,2001-06-14,4
105,2003-05-08,4
105,2003-11-28,6
106,1999-08-12,2
106,2000-12-29,2
106,2002-04-14,2
106,2002-11-04,2
106,2003-09-29,2
107,1999-10-01,2
107,2001-04-28,2
107,2001-06-07,2
107,2003-03-17,2
107,2004-02-08,2
108,1999-07-26,2
108,2000-10-24,1
108,2002-02-26,2
108,2002-07-24,2
108,2003-11-06,2
109,1999-09-09,5
109,2000-10-29,5
109,2001-12-10,4
109,2002-11-28,5
109,2004-03-30,8
110,2000-04-24,3
110,2001-01-14,3
110,2001-12-11,3
110,2003-01-16,3
110,2004-01-17,3
111,1999-05-21,8
111,2000-11-12,8
111,2001-11-25,8
111,2003-02-14,8
111,2003-06-10,1
112,2000-05-19,5
112,2000-11-09,5
112,2001-11-07,5
112,2003-02-09,5
112,2004-04-13,5
113,1999-08-13,6
113,2000-05-30,6
113,2002-05-14,6
113,2002-06-20,6
113,2003-07-30,7
114,1999-08-24,8
114,2001-04-21,8
114,2002-05-09,8
114,2003-05-10,4
114,2003-09-06,6
115,2000-04-12,3
115,2000-05-28,3
115,2001-10-01,3
115,2002-06-08,3
115,2003-08-19,3
116,2000-04-10,5
116,2000-10-06,5
116,2001-08-18,5
116,2002-06-15,4
116,2003-06-30,4
117,1999-08-21,4
117,2001-01-01,4
117,2002-02-14,4
117,2002-11-09,4
117,2004-02-16,4
118,1999-10-27,6
118,2000-12-29,6
118,2001-11-12,6
118,2002-09-03,5
118,2003-12-20,5
119,1999-09-27,3
119,2000-05-21,3
119,2002-04-10,3
119,2002-09-23,3
119,2003-12-19,3
120,1999-12-14,7
120,2001-03-18,7
120,2002-02-17,7
120,2003-03-24,7
120,2004-04-21,7
121,1999-06-23,2
121,2000-10-31,2
121,2001-07-26,2
121,2002-05-23,2
121,2004-03-21,2
122,2000-02-17,2
122,2000-07-02,2
122,2001-09-30,2
122,2002-09-17,2
122,2004-02-05,2
123,2000-01-02,2
123,2001-02-24,2
123,2001-06-10,2
123,2003-03-26,2
123,2003-12-01,2
124,1999-12-01,5
124,2001-02-10,5
124,2002-02-22,5
124,2003-01-19,5
124,2004-03-07,8
125,1999-05-23,0
125,2000-12-17,0
125,2002-05-09,0
125,2003-02-21,0
125,2004-02-21,0
126,1999-06-01,2
126,2000-11-11,2
126,2001-06-25,2
126,2003-04-18,2
126,2003-11-15,2
127,2000-04-20,6
127,2000-10-21,6
127,2001-11-17,6
127,2003-03-24,6
127,2004-04-11,7
128,2000-04-27,8
128,2000-09-11,8
128,2001-08-01,8
128,2003-04-03,8
128,2003-11-24,8
129,1999-05-29,8
129,2000-12-28,8
129,2001-08-23,8
129,2002-09-27,4
129,2003-09-10,5
130,2000-02-12,8
130,2000-07-23,8
130,2001-06-19,8
130,2002-05-21,8
130,2003-09-07,8
131,1999-12-06,8
131,2000-12-20,8
131,2001-12-03,8
131,2002-09-12,8
131,2004-02-16,8
132,1999-12-18,1
132,2001-02-06,1
132,2001-10-05,1
132,2002-06-06,0
132,2004-01-09,0
133,1999-09-05,3
133,2001-03-05,3
133,2001-06-25,3
133,2003-02-09,3
133,2003-07-23,3
134,1999-09-26,6
134,2000-06-19,5
134,2002-03-09,3
134,2002-08-25,3
134,2004-04-18,2
135,1999-11-10,5
135,2000-11-08,5
135,2001-07-28,5
135,2002-07-13,8
135,2003-08-19,8
136,1999-08-24,3
136,2000-08-26,3
136,2002-02-07,3
136,2003-01-02,3
136,2003-07-10,3
137,1999-07-24,0
137,2001-04-01,0
137,2001-09-17,0
137,2003-03-17,8
137,2004-01-04,8
138,1999-07-19,4
138,2000-06-07,4
138,2002-05-14,4
138,2002-11-07,4
138,2003-11-08,4
139,2000-02-25,2
139,2000-11-22,2
139,2002-03-27,8
139,2003-04-15,8
139,2003-06-29,8
140,1999-05-23,3
140,2000-10-02,3
140,2001-11-12,3
140,2002-10-13,3
140,2004-03-18,3
141,1999-12-09,4
141,2001-02-10,4
141,2001-09-06,4
141,2003-04-06,8
141,2003-07-17,8
142,2000-02-02,4
142,2000-09-07,4
142,2002-01-24,2
142,2002-09-09,2
142,2003-09-13,2
143,1999-12-25,5
143,2000-10-07,5
143,2001-09-29,5
143,2002-07-24,5
143,2004-03-04,5
144,2000-05-09,7
144,2001-01-27,7
144,2001-05-20,7
144,2002-09-06,7
144,2003-12-29,7
145,1999-06-12,7
145,2000-09-30,7
145,2001-06-26,7
145,2002-06-23,7
145,2003-07-17,7
146,1999-12-27,2
146,2001-01-10,2
146,2001-10-16,2
146,2003-05-09,2
146,2003-11-27,2
147,1999-05-27,8
147,2001-03-14,8
147,2001-07-10,8
147,2002-10-07,8
147,2003-10-18,8
148,1999-10-07,1
148,2000-06-02,1
148,2001-07-26,1
148,2003-05-04,1
148,2003-09-25,1
149,2000-02-02,1
149,2000-06-29,1
149,2002-01-26,1
149,2002-06-06,1
149,2003-12-10,1
150,1999-11-18,7
150,2000-11-04,7
150,2002-02-19,7
150,2002-09-07,7
150,2004-01-22,7
151,1999-08-19,7
151,2000-09-24,7
151,2001-10-17,7
151,2002-05-26,7
151,2003-12-25,7
152,1999-10-15,3
152,2000-10-12,3
152,2002-02-03,3
152,2003-03-26,8
152,2004-03-25,8
153,1999-12-07,2
153,2001-02-28,2
153,2001-07-24,2
153,2002-08-19,2
153,2003-10-10,2
154,2000-03-23,1
154,2001-03-03,1
154,2001-11-11,1
154,2002-11-17,1
154,2004-04-18,1
155,2000-05-04,1
155,2000-06-01,1
155,2002-01-01,1
155,2002-06-16,1
155,2003-11-05,1
156,1999-10-08,5
156,2000-10-10,5
156,2001-11-30,4
156,2003-02-07,4
156,2004-01-09,4
157,1999-08-31,7
157,2000-11-16,7
157,2002-01-24,7
157,2002-10-23,7
157,2003-08-24,7
158,2000-04-28,5
158,2001-04-24,5
158,2001-12-22,6
158,2003-05-14,6
158,2003-07-03,6
159,2000-02-15,3
159,2001-04-04,3
159,2001-10-13,3
159,2002-08-10,3
159,2003-05-30,3
160,2000-04-04,0
160,2000-10-24,0
160,2001-07-04,0
160,2002-10-30,0
160,2003-05-20,0
161,2000-02-27,1
161,2000-11-09,3
161,2001-12-02,5
161,2003-03-19,5
161,2003-06-23,5
162,1999-12-19,7
162,2000-12-20,7
162,2001-12-16,7
162,2002-09-15,7
162,2003-10-06,7
163,1999-09-27,5
163,2000-09-19,5
163,2001-08-16,5
163,2002-12-30,5
163,2004-04-21,8
164,2000-01-04,4
164,2000-10-27,4
164,2001-10-28,4
164,2003-03-12,4
164,2003-08-20,4
165,1999-07-19,1
165,2001-05-15,1
165,2001-08-30,1
165,2002-08-10,1
165,2004-05-01,1
166,2000-02-27,2
166,2000-11-12,2
166,2002-02-16,2
166,2002-12-25,2
166,2004-04-01,2
167,2000-03-01,4
167,2001-05-07,7
167,2001-10-31,7
167,2003-01-12,7
167,2003-09-22,7
168,2000-04-16,3
168,2001-04-29,3
168,2002-01-10,3
168,2003-01-04,3
168,2003-09-24,3
169,1999-09-15,3
169,2001-01-29,3
169,2002-04-21,3
169,2002-06-06,3
169,2004-01-03,3
170,1999-12-14,3
170,2001-01-24,3
170,2001-06-14,3
170,2002-06-28,3
170,2004-01-04,4
171,2000-01-16,1
171,2001-04-12,1
171,2002-03-15,1
171,2002-07-13,1
171,2004-04-27,1
172,1999-08-21,8
172,2001-04-03,8
172,2001-09-09,8
172,2002-07-01,8
172,2003-12-05,8
173,1999-09-17,2
173,2000-08-20,2
173,2002-03-21,2
173,2002-10-17,2
173,2004-03-03,2
174,2000-02-12,5
174,2001-03-14,5
174,2001-08-23,5
174,2002-08-24,5
174,2003-10-27,5
175,1999-11-20,0
175,2000-06-27,0
175,2001-10-01,0
175,2002-10-18,0
175,2004-04-04,0
176,2000-05-09,1
176,2001-01-03,1
176,2002-01-28,1
176,2002-05-21,1
176,2003-06-26,1
177,1999-06-05,3
177,2000-07-08,3
177,2002-04-27,3
177,2003-01-14,3
177,2004-02-21,3
178,1999-11-28,7
178,2001-04-30,7
178,2002-01-11,7
178,2003-03-02,7
178,2003-12-31,7
179,1999-05-26,4
179,2000-08-17,5
179,2001-08-15,5
179,2002-10-22,3
179,2003-11-25,3
180,2000-04-22,1
180,2000-12-09,1
180,2002-02-08,2
180,2002-11-03,2
180,2003-08-29,2
181,2000-01-23,5
181,2000-05-28,5
181,2002-01-25,5
181,2002-09-04,5
181,2003-12-23,5
182,2000-02-27,5
182,2001-01-08,5
182,2001-06-26,5
182,2002-11-27,5
182,2003-12-27,6
183,1999-10-13,8
183,2000-05-31,8
183,2002-03-10,8
183,2002-07-23,8
183,2004-02-19,8
184,2000-05-16,8
184,2000-12-06,8
184,2002-02-14,8
184,2003-03-17,8
184,2003-10-10,8
185,1999-05-21,0
185,2000-10-05,0
185,2001-08-13,8
185,2002-12-19,8
185,2004-05-04,8
186,1999-08-04,4
186,2000-10-07,4
186,2002-03-26,2
186,2002-11-23,2
186,2003-07-20,2
187,2000-03-30,8
187,2000-08-14,8
187,2002-04-02,8
187,2002-09-19,8
187,2003-12-14,8
188,1999-12-01,4
188,2001-04-21,4
188,2002-04-21,4
188,2003-03-10,4
188,2003-12-24,4
189,1999-12-08,7
189,2000-08-28,7
189,2002-02-08,7
189,2003-02-12,7
189,2003-06-12,7
190,2000-02-08,3
190,2000-06-29,3
190,2001-11-23,3
190,2002-09-19,4
190,2003-07-13,4
191,1999-12-31,3
191,2001-03-28,3
191,2001-12-16,3
191,2003-02-08,3
191,2003-11-09,3
192,1999-07-21,2
192,2000-06-03,2
192,2001-12-27,2
192,2002-09-09,8
192,2003-09-21,8
193,1999-10-16,2
193,2001-05-11,2
193,2001-11-29,2
193,2003-01-04,2
193,2003-12-09,2
194,1999-11-29,7
194,2001-01-26,7
194,2001-08-06,7
194,2003-01-19,7
194,2003-11-28,7
195,1999-07-13,1
195,2000-05-28,1
195,2002-01-28,1
195,2003-03-31,2
195,2003-06-24,1
196,1999-09-11,8
196,2000-10-27,8
196,2001-10-31,8
196,2002-07-26,8
196,2003-12-13,8
197,1999-07-10,2
197,2000-10-14,2
197,2002-04-30,8
197,2002-09-29,8
197,2004-02-10,8
198,2000-01-10,3
198,2000-11-24,3
198,2001-10-23,3
198,2003-01-11,3
198,2003-08-26,2
199,1999-11-15,8
199,2000-08-27,6
199,2002-03-14,4
199,2003-01-14,4
199,2004-01-04,4
200,1999-10-16,3
200,2000-09-09,8
200,2002-04-17,8
200,2002-07-26,8
200,2003-08-02,8
201,1999-08-04,0
201,2000-11-06,0
201,2001-09-05,0
201,2002-07-07,0
201,2004-01-26,0
202,1999-08-03,0
202,2001-02-09,8
202,2001-11-04,8
202,2002-11-17,8
202,2003-07-23,8
203,2000-05-04,6
203,2001-01-03,6
203,2001-06-04,6
203,2002-06-16,6
203,2003-06-24,6
204,1999-06-25,2
204,2001-04-20,8
204,2001-10-29,8
204,2002-12-11,8
204,2003-06-02,4
205,1999-10-25,7
205,2001-04-04,7
205,2001-12-02,7
205,2002-08-27,7
205,2003-11-07,7
206,2000-04-11,0
206,2000-10-23,0
206,2001-06-01,0
206,2003-04-19,0
206,2003-11-14,0
207,1999-12-09,6
207,2000-08-04,6
207,2001-10-06,6
207,2002-07-28,7
207,2004-04-28,7
208,2000-01-13,2
208,2001-01-06,2
208,2001-12-14,8
208,2002-06-09,8
208,2004-01-28,8
209,1999-09-01,8
209,2001-02-07,8
209,2002-03-28,8
209,2003-04-30,8
209,2004-03-17,8
210,2000-05-09,0
210,2000-06-21,0
210,2001-08-31,0
210,2003-03-18,0
210,2003-06-28,0
211,1999-06-15,4
211,2001-04-11,4
211,2001-07-27,3
211,2002-07-09,3
211,2003-11-21,3
212,1999-11-24,7
212,2001-05-19,7
212,2001-07-06,7
212,2002-07-06,7
212,2003-08-24,7
213,2000-02-24,8
213,2000-09-09,8
213,2001-12-07,8
213,2002-08-21,8
213,2004-05-13,8
214,1999-10-21,7
214,2000-05-30,7
214,2002-01-08,7
214,2003-01-14,7
214,2004-02-23,7
215,1999-10-10,2
215,2001-04-10,2
215,2002-02-28,2
215,2002-06-24,2
215,2003-05-26,2
216,1999-09-12,0
216,2000-09-02,0
216,2001-09-30,0
216,2002-12-24,0
216,2003-08-01,0
217,1999-09-26,6
217,2000-12-16,8
217,2002-01-12,8
217,2002-07-30,8
217,2003-08-23,8
218,1999-10-08,5
218,2000-08-31,4
218,2002-03-06,4
218,2003-04-28,5
218,2004-03-22,5
219,1999-12-23,4
219,2000-09-20,4
219,2002-03-18,4
219,2003-04-08,4
219,2003-09-05,4
220,1999-11-07,8
220,2000-12-29,2
220,2002-03-23,1
220,2002-08-08,1
220,2003-12-04,1
221,2000-02-20,1
221,2001-05-16,1
221,2001-06-05,1
221,2002-09-10,1
221,2003-06-26,8
222,2000-01-03,0
222,2000-09-26,0
222,2001-06-05,0
222,2002-05-29,0
222,2003-06-15,0
223,1999-08-03,5
223,2000-09-22,5
223,2002-04-26,5
223,2003-03-18,5
223,2003-07-02,5
224,1999-06-13,1
224,2001-01-22,1
224,2001-10-11,1
224,2002-12-15,1
224,2004-02-06,2
225,1999-08-24,6
225,2000-11-26,8
225,2002-05-16,8
225,2002-10-06,8
225,2004-02-19,8
226,1999-12-29,8
226,2001-01-13,8
226,2002-02-02,8
226,2003-02-28,8
226,2004-01-19,8
227,1999-12-02,0
227,2000-11-07,0
227,2002-03-28,0
227,2003-03-15,0
227,2003-11-10,0
228,2000-01-28,7
228,2000-06-27,7
228,2002-04-24,7
228,2003-01-18,7
228,2003-10-11,7
229,1999-07-18,0
229,2000-10-08,0
229,2001-06-02,0
229,2002-06-16,0
229,2004-04-08,0
230,1999-10-21,8
230,2000-07-25,8
230,2001-09-05,8
230,2002-09-05,8
230,2004-01-26,8
231,1999-09-13,7
231,2000-09-23,7
231,2001-08-02,7
231,2002-12-04,7
231,2004-03-21,7
232,1999-06-24,1
232,2000-12-10,1
232,2002-01-18,1
232,2002-06-29,1
232,2003-12-22,1
233,1999-10-18,2
233,2000-08-16,3
233,2001-06-10,3
233,2002-09-14,2
233,2003-11-17,2
234,2000-02-03,0
234,2000-10-28,0
234,2001-07-17,0
234,2003-04-22,0
234,2004-03-18,0
235,2000-01-28,8
235,2000-12-01,8
235,2001-11-27,8
235,2003-01-30,8
235,2003-07-24,8
236,1999-08-03,4
236,2000-09-28,4
236,2002-04-01,4
236,2002-10-23,4
236,2003-05-26,4
237,2000-05-02,8
237,2000-07-04,8
237,2001-09-10,8
237,2003-03-04,8
237,2004-05-13,8
238,2000-04-27,3
238,2001-04-22,3
238,2001-05-23,3
238,2002-06-10,4
238,2004-02-26,4
239,1999-12-26,6
239,2000-06-19,6
239,2001-06-18,7
239,2002-06-13,7
239,2004-03-20,7
240,2000-01-21,6
240,2000-09-27,8
240,2001-12-31,8
240,2003-05-16,8
240,2003-12-29,8
241,2000-03-18,5
241,2001-05-18,6
241,2002-03-23,6
241,2002-12-29,6
241,2003-12-14,8
242,1999-12-09,0
242,2001-03-23,0
242,2002-03-10,0
242,2002-09-25,0
242,2003-08-02,0
243,1999-11-22,1
243,2001-03-21,1
243,2001-09-28,1
243,2003-01-04,1
243,2003-10-04,2
244,1999-10-13,2
244,2001-03-14,2
244,2001-05-25,2
244,2002-10-31,2
244,2003-07-23,2
245,2000-04-09,2
245,2000-10-24,2
245,2001-12-15,2
245,2002-10-19,2
245,2004-04-08,2
246,1999-12-03,8
246,2000-10-26,8
246,2001-05-21,8
246,2003-03-13,8
246,2003-09-29,8
247,2000-03-05,0
247,2000-12-05,0
247,2001-09-22,0
247,2002-08-02,0
247,2004-05-18,8
248,1999-12-20,3
248,2000-10-11,3
248,2002-01-13,3
248,2003-01-15,3
248,2003-06-09,3
249,1999-10-13,5
249,2001-01-27,5
249,2001-09-04,5
249,2003-05-19,5
249,2004-02-14,5
250,1999-11-20,1
250,2000-06-11,1
250,2001-12-05,1
250,2003-02-28,1
250,2004-02-04,1
251,1999-08-01,3
251,2000-12-30,2
251,2001-12-16,2
251,2002-10-31,2
251,2003-12-21,8
252,1999-06-25,4
252,2001-04-16,4
252,2001-08-08,5
252,2002-08-22,5
252,2003-09-17,5
253,2000-04-07,2
253,2000-05-29,2
253,2001-08-31,2
253,2002-11-12,2
253,2003-10-28,2
254,1999-10-19,1
254,2000-06-10,1
254,2001-12-15,1
254,2002-11-14,2
254,2004-01-20,2
255,1999-10-05,2
255,2000-11-30,2
255,2001-11-26,2
255,2002-08-12,2
255,2004-01-13,2
256,1999-09-14,6
256,2001-03-11,8
256,2001-06-27,8
256,2003-03-04,8
256,2003-09-30,8
257,2000-01-23,8
257,2000-06-14,8
257,2001-09-29,8
257,2003-05-06,8
257,2003-09-17,8
258,1999-10-31,1
258,2001-04-05,2
258,2001-08-05,2
258,2003-05-05,2
258,2004-01-03,2
259,1999-06-16,7
259,2001-05-01,7
259,2002-05-08,7
259,2002-11-09,7
259,2003-10-25,7
260,1999-05-24,7
260,2000-09-07,7
260,2002-01-01,7
260,2003-03-23,7
260,2003-09-15,7
261,1999-07-01,0
261,2001-04-01,0
261,2001-08-12,0
261,2002-12-18,0
261,2004-01-07,0
262,1999-09-22,8
262,2000-06-28,8
262,2001-10-15,8
262,2002-11-21,8
262,2004-01-06,8
263,2000-01-17,8
263,2000-08-17,8
263,2001-12-12,8
263,2003-01-31,8
263,2004-04-06,8
264,1999-10-22,2
264,2000-09-29,2
264,2001-12-22,2
264,2002-09-03,2
264,2003-06-01,2
265,1999-07-16,1
265,2000-12-02,1
265,2002-02-25,2
265,2002-05-28,2
265,2003-06-21,2
266,1999-10-06,1
266,2000-11-07,1
266,2001-07-05,1
266,2002-07-11,1
266,2004-01-27,1
267,2000-04-16,7
267,2000-09-05,7
267,2002-03-15,7
267,2002-11-29,7
267,2003-09-09,7
268,1999-08-19,3
268,2000-06-10,2
268,2001-08-18,2
268,2002-07-20,2
268,2003-07-11,2
269,2000-04-08,8
269,2000-06-14,8
269,2002-01-22,8
269,2003-01-14,8
269,2004-03-05,8
270,2000-02-05,3
270,2001-01-24,3
270,2001-06-16,3
270,2002-09-26,3
270,2003-10-13,3
271,2000-04-09,3
271,2000-08-17,4
271,2001-08-17,8
271,2002-11-30,8
271,2004-01-28,8
272,2000-04-28,4
272,2000-05-30,4
272,2002-01-30,5
272,2003-05-05,6
272,2003-08-02,6
273,1999-06-11,8
273,2000-09-30,8
273,2001-08-27,8
273,2003-01-25,8
273,2004-02-09,8
274,1999-12-05,2
274,2000-07-14,8
274,2002-03-03,8
274,2003-02-20,8
274,2003-09-11,8
275,1999-09-29,5
275,2000-08-30,5
275,2001-12-13,4
275,2002-09-22,3
275,2003-10-25,3
276,1999-12-24,0
276,2000-09-28,0
276,2001-09-29,0
276,2002-07-18,0
276,2003-09-09,0
277,1999-12-20,5
277,2001-04-23,6
277,2001-07-25,6
277,2002-07-06,7
277,2003-11-30,7
278,2000-05-10,8
278,2000-08-11,8
278,2002-01-18,8
278,2003-05-15,8
278,2003-10-18,8
279,2000-04-25,3
279,2000-09-27,3
279,2001-10-25,3
279,2002-08-05,3
279,2003-12-07,3
280,1999-08-05,1
280,2001-04-10,1
280,2002-01-04,1
280,2003-04-10,1
280,2003-11-28,1
281,2000-02-21,4
281,2001-02-14,4
281,2001-06-19,4
281,2002-11-14,4
281,2003-09-02,4
282,1999-09-18,2
282,2001-05-17,2
282,2001-11-06,2
282,2003-04-17,2
282,2003-11-20,2
283,1999-06-07,7
283,2001-04-24,7
283,2001-07-14,7
283,2002-07-02,7
283,2004-03-30,7
284,2000-01-03,2
284,2001-02-26,2
284,2002-01-31,2
284,2003-01-18,2
284,2003-11-12,2
285,1999-09-25,7
285,2001-05-14,7
285,2002-01-04,7
285,2002-11-01,7
285,2003-12-25,7
286,2000-02-13,1
286,2000-11-11,1
286,2002-05-10,1
286,2002-09-24,1
286,2003-06-15,8
287,1999-10-22,6
287,2000-06-16,7
287,2001-08-17,7
287,2002-06-06,7
287,2003-11-28,7
288,1999-10-23,1
288,2001-01-14,1
288,2002-02-04,1
288,2003-04-15,1
288,2004-02-10,1
289,1999-09-24,8
289,2000-12-30,8
289,2001-05-26,8
289,2002-12-30,8
289,2003-09-12,8
290,1999-08-18,8
290,2001-01-20,8
290,2001-08-07,8
290,2003-02-17,8
290,2004-04-24,8
291,1999-12-25,7
291,2001-04-30,7
291,2001-08-15,7
291,2002-06-13,7
291,2003-11-26,7
292,1999-09-16,5
292,2000-07-20,5
292,2001-11-05,5
292,2002-06-09,5
292,2003-10-01,5
293,1999-12-17,2
293,2001-04-11,2
293,2001-10-16,1
293,2002-05-27,1
293,2004-02-22,1
294,1999-10-20,2
294,2001-04-23,2
294,2001-06-03,3
294,2003-02-24,4
294,2004-01-15,4
295,1999-10-13,1
295,2000-09-26,1
295,2001-08-22,1
295,2002-08-02,1
295,2004-04-25,1
296,2000-03-31,6
296,2001-02-18,8
296,2002-02-12,6
296,2002-12-11,6
296,2003-12-20,6
297,2000-01-24,7
297,2001-03-19,7
297,2002-03-30,7
297,2002-10-21,7
297,2004-01-14,7
298,2000-03-06,8
298,2001-03-16,8
298,2001-11-17,8
298,2002-08-26,8
298,2003-11-13,2
299,2000-01-24,2
299,2000-09-06,2
299,2002-03-17,2
299,2003-05-17,2
299,2004-01-27,2
300,2000-02-10,3
300,2001-01-18,3
300,2001-10-02,3
300,2002-08-08,8
300,2003-09-26,8
301,2000-03-13,1
301,2000-07-12,1
301,2001-09-24,1
301,2002-11-26,1
301,2004-04-30,1
302,1999-07-19,0
302,2000-08-17,0
302,2002-04-01,0
302,2003-02-13,0
302,2004-02-06,0
303,2000-04-11,4
303,2000-06-12,4
303,2002-02-27,4
303,2002-07-11,4
303,2003-08-01,4
304,1999-11-21,5
304,2001-05-10,5
304,2001-11-21,8
304,2002-12-30,8
304,2003-06-05,8
305,1999-05-23,7
305,2000-12-31,7
305,2002-02-25,7
305,2003-04-18,7
305,2004-02-24,7
306,2000-04-19,1
306,2000-10-20,2
306,2002-04-02,2
306,2002-11-24,2
306,2003-07-23,2
307,1999-10-13,4
307,2001-02-12,4
307,2001-08-18,8
307,2002-08-07,8
307,2003-11-04,8
308,1999-11-29,1
308,2000-11-07,1
308,2001-12-02,1
308,2002-09-23,1
308,2003-10-20,2
309,1999-05-23,8
309,2001-03-13,8
309,2001-12-09,8
309,2002-11-16,8
309,2004-04-06,8
310,1999-10-05,3
310,2001-01-19,3
310,2001-11-20,4
310,2003-05-14,4
310,2004-02-08,4
311,1999-09-27,8
311,2000-06-17,8
311,2001-08-08,8
311,2002-09-08,8
311,2004-01-08,8
312,1999-06-26,3
312,2000-05-26,3
312,2001-07-01,3
312,2002-10-27,3
312,2004-03-31,3
313,1999-07-08,6
313,2000-08-10,6
313,2001-06-25,6
313,2003-04-22,6
313,2003-07-07,6
314,1999-07-21,8
314,2000-07-10,8
314,2002-03-23,8
314,2003-02-25,8
314,2003-11-01,3
315,2000-01-25,2
315,2000-11-04,2
315,2001-06-10,2
315,2002-12-10,2
315,2004-04-28,2
316,2000-01-30,4
316,2000-07-19,4
316,2001-09-24,4
316,2002-08-17,3
316,2003-06-01,3
317,1999-05-25,3
317,2000-08-24,3
317,2002-03-07,3
317,2003-03-19,3
317,2003-08-23,3
318,2000-03-13,0
318,2001-02-11,0
318,2001-10-23,0
318,2002-11-23,0
318,2003-08-09,0
319,2000-01-18,0
319,2001-03-20,0
319,2002-04-26,0
319,2002-10-30,0
319,2003-06-05,0
320,2000-02-06,6
320,2000-11-22,6
320,2002-02-21,7
320,2002-10-15,7
320,2003-09-01,7
321,1999-10-28,3
321,2000-07-21,3
321,2001-05-27,4
321,2002-06-30,5
321,2003-09-07,5
322,1999-12-28,8
322,2001-01-03,8
322,2001-10-28,8
322,2002-06-04,8
322,2004-03-14,8
323,1999-09-22,4
323,2000-07-31,4
323,2001-08-10,5
323,2003-03-01,5
323,2003-07-13,5
324,2000-04-29,3
324,2001-03-24,3
324,2001-10-08,3
324,2002-09-13,3
324,2004-01-04,3
325,1999-10-05,6
325,2001-01-09,6
325,2001-11-24,8
325,2002-12-04,8
325,2004-03-03,8
326,2000-03-28,7
326,2000-06-27,7
326,2001-06-29,7
326,2003-02-06,7
326,2003-07-27,7
327,1999-07-16,3
327,2000-05-25,3
327,2001-09-18,3
327,2002-11-28,3
327,2003-11-02,3
328,2000-03-21,1
328,2001-01-25,1
328,2002-04-06,1
328,2003-02-05,1
328,2004-02-02,1
329,1999-12-13,0
329,2001-03-25,0
329,2001-09-01,0
329,2002-09-06,0
329,2003-12-16,0
330,2000-02-07,7
330,2000-09-20,7
330,2001-08-09,7
330,2002-12-18,7
330,2004-03-08,7
331,2000-02-12,1
331,2000-08-21,2
331,2001-06-04,2
331,2002-09-11,2
331,2004-03-06,2
332,1999-06-08,7
332,2000-08-06,7
332,2001-06-15,7
332,2003-04-26,7
332,2003-08-21,7
333,2000-04-11,6
333,2000-12-06,5
333,2002-01-21,6
333,2002-08-14,8
333,2004-05-09,8
334,1999-12-26,8
334,2000-12-22,8
334,2001-09-10,8
334,2003-03-08,8
334,2003-11-30,8
335,1999-10-07,2
335,2001-04-21,2
335,2001-07-16,2
335,2003-03-08,2
335,2003-10-17,2
336,2000-01-27,5
336,2001-01-04,3
336,2001-11-23,3
336,2002-11-24,4
336,2004-01-23,4
337,2000-02-26,3
337,2000-07-31,3
337,2001-08-31,3
337,2003-01-10,3
337,2003-10-04,4
338,1999-06-10,7
338,2000-09-02,7
338,2002-04-19,7
338,2002-12-21,7
338,2004-02-09,7
339,1999-09-26,1
339,2000-09-22,1
339,2001-11-28,1
339,2002-06-26,1
339,2004-01-16,1
340,1999-06-16,6
340,2000-12-23,6
340,2002-04-18,6
340,2002-08-02,6
340,2003-08-20,6
341,2000-03-15,4
341,2000-11-04,4
341,2002-04-02,8
341,2002-10-10,8
341,2003-12-06,8
342,1999-08-31,8
342,2000-05-25,8
342,2001-11-28,8
342,2003-04-07,2
342,2003-07-01,2
343,1999-06-22,8
343,2000-09-12,8
343,2002-05-19,8
343,2003-02-17,8
343,2004-01-27,8
344,2000-04-27,8
344,2000-09-23,8
344,2001-10-15,8
344,2002-05-30,8
344,2003-12-20,8
345,1999-11-01,1
345,2000-10-17,1
345,2002-01-31,1
345,2002-06-29,1
345,2003-11-07,1
346,2000-03-31,2
346,2001-05-14,2
346,2001-12-22,2
346,2002-06-07,2
346,2004-04-12,2
347,2000-01-22,8
347,2000-11-19,8
347,2001-05-25,8
347,2002-11-14,8
347,2003-05-23,8
348,2000-01-25,6
348,2000-10-12,7
348,2001-12-05,7
348,2003-03-07,7
348,2003-08-23,7
349,1999-10-02,2
349,2001-02-15,2
349,2001-08-03,3
349,2003-03-08,3
349,2004-01-31,3
350,2000-03-28,8
350,2000-10-08,8
350,2002-04-18,8
350,2003-05-13,8
350,2003-07-05,8
351,1999-12-14,4
351,2000-11-12,4
351,2001-08-19,5
351,2003-03-01,5
351,2004-03-29,5
352,1999-12-07,6
352,2001-01-29,8
352,2002-04-13,8
352,2002-05-27,8
352,2003-12-18,8
353,2000-03-06,8
353,2000-10-15,8
353,2001-11-14,8
353,2003-01-16,8
353,2003-09-18,8
354,1999-08-31,0
354,2001-02-25,0
354,2001-06-23,0
354,2002-12-27,0
354,2003-10-27,0
355,1999-10-27,8
355,2000-08-06,8
355,2001-11-11,8
355,2003-02-01,8
355,2003-07-07,8
356,1999-10-06,7
356,2001-03-02,7
356,2001-08-09,7
356,2003-04-16,7
356,2003-11-22,7
357,2000-02-03,0
357,2000-08-04,0
357,2001-09-01,0
357,2002-07-06,0
357,2003-08-24,0
358,1999-11-18,2
358,2000-07-26,2
358,2002-03-23,2
358,2002-10-30,2
358,2003-11-25,2
359,1999-10-09,8
359,2001-03-26,8
359,2002-01-18,8
359,2003-03-03,8
359,2003-11-28,8
360,1999-06-25,3
360,2000-10-21,3
360,2001-06-05,3
360,2003-03-23,3
360,2003-09-26,3
361,2000-03-25,2
361,2001-02-23,2
361,2001-06-27,2
361,2002-12-25,2
361,2004-04-25,1
362,1999-09-23,1
362,2000-06-30,1
362,2002-03-21,2
362,2003-04-16,2
362,2003-08-31,2
363,1999-05-23,7
363,2001-03-16,7
363,2001-11-21,7
363,2003-03-16,7
363,2003-06-01,7
364,2000-03-18,7
364,2001-03-12,7
364,2001-09-28,7
364,2002-06-03,7
364,2004-01-11,7
365,1999-06-08,8
365,2001-01-23,8
365,2002-04-16,8
365,2003-01-05,8
365,2003-05-29,8
366,2000-03-31,7
366,2000-09-30,7
366,2002-03-31,7
366,2002-06-22,7
366,2004-05-14,7
367,1999-05-26,1
367,2000-11-25,1
367,2002-03-05,1
367,2003-01-23,1
367,2004-04-22,8
368,2000-04-23,4
368,2000-09-17,4
368,2002-04-10,4
368,2002-12-14,4
368,2004-05-16,4
369,1999-08-02,6
369,2000-08-10,6
369,2001-05-30,6
369,2002-08-28,5
369,2003-11-06,6
370,2000-02-03,0
370,2000-10-11,0
370,2001-12-12,0
370,2002-07-20,0
370,2003-09-28,0
371,1999-06-03,5
371,2001-04-12,5
371,2002-02-05,5
371,2003-05-16,5
371,2004-04-21,7
372,1999-11-21,3
372,2001-04-11,3
372,2002-05-05,3
372,2002-07-19,3
372,2004-04-05,3
373,2000-03-03,0
373,2000-05-28,0
373,2001-07-16,0
373,2002-08-22,0
373,2004-05-15,0
374,1999-09-17,4
374,2001-02-22,4
374,2001-08-20,4
374,2003-03-03,4
374,2004-02-16,4
375,1999-06-06,0
375,2001-03-15,0
375,2001-09-06,0
375,2002-11-22,0
375,2003-10-18,0
376,1999-07-04,3
376,2000-09-30,3
376,2001-11-27,4
376,2002-08-29,3
376,2003-07-28,3
377,2000-02-09,2
377,2001-04-27,2
377,2001-06-23,2
377,2003-01-13,2
377,2004-01-18,2
378,2000-02-27,4
378,2001-04-08,4
378,2002-01-07,4
378,2003-04-13,4
378,2004-03-21,4
379,2000-05-16,6
379,2000-12-05,6
379,2001-08-17,6
379,2003-04-26,6
379,2004-03-30,7
380,2000-04-12,4
380,2000-05-21,4
380,2002-02-19,4
380,2002-12-23,4
380,2003-07-28,4
381,1999-10-19,7
381,2000-08-17,7
381,2002-03-20,7
381,2002-06-20,7
381,2003-08-01,7
382,2000-03-23,3
382,2001-04-17,2
382,2001-12-15,2
382,2002-12-27,2
382,2003-11-13,2
383,1999-10-23,3
383,2001-05-13,3
383,2001-06-07,3
383,2002-09-30,3
383,2003-06-25,3
384,1999-11-18,3
384,2000-07-07,3
384,2001-09-20,3
384,2002-06-15,3
384,2003-06-07,4
385,2000-02-22,5
385,2001-01-21,5
385,2001-12-07,5
385,2002-05-31,4
385,2003-10-16,4
386,1999-08-17,7
386,2001-01-14,7
386,2002-01-26,7
386,2003-04-04,7
386,2003-06-22,7
387,1999-11-18,8
387,2000-12-08,8
387,2002-04-22,8
387,2002-09-25,8
387,2003-06-18,8
388,1999-10-30,8
388,2001-03-16,8
388,2002-01-30,8
388,2002-10-15,8
388,2003-11-12,8
389,1999-07-17,8
389,2000-07-08,8
389,2002-04-24,8
389,2002-12-20,8
389,2003-10-13,8
390,1999-12-26,5
390,2000-12-04,6
390,2001-12-25,6
390,2003-05-17,6
390,2003-07-02,6
391,1999-10-19,0
391,2000-08-15,0
391,2002-01-20,0
391,2002-05-29,0
391,2004-02-06,0
392,2000-03-06,1
392,2001-01-11,1
392,2001-07-06,1
392,2002-06-27,1
392,2003-12-30,1
393,1999-12-30,0
393,2000-09-12,0
393,2002-03-27,0
393,2003-05-02,0
393,2003-09-04,0
394,2000-01-20,6
394,2001-01-18,6
394,2001-05-26,6
394,2002-12-14,6
394,2004-01-30,8
395,2000-05-08,5
395,2001-04-05,5
395,2001-08-31,5
395,2002-07-20,5
395,2004-04-11,5
396,1999-12-15,0
396,2000-09-05,0
396,2001-06-03,0
396,2002-09-17,0
396,2003-08-23,8
397,2000-01-14,6
397,2001-02-08,4
397,2002-03-26,4
397,2002-05-22,4
397,2003-07-09,4
398,1999-08-15,7
398,2000-07-10,7
398,2001-05-22,7
398,2003-03-28,7
398,2003-10-10,7
399,1999-07-12,2
399,2001-03-03,2
399,2001-11-19,3
399,2003-04-10,3
399,2003-08-24,4
400,2000-02-29,5
400,2001-02-12,5
400,2001-09-27,3
400,2002-08-08,3
400,2003-08-05,3
401,2000-05-10,3
401,2000-07-08,3
401,2002-03-27,3
401,2002-10-08,3
401,2003-07-25,3
402,1999-10-19,0
402,2001-01-14,0
402,2001-10-20,0
402,2003-03-30,0
402,2004-03-24,0
403,1999-09-03,3
403,2000-11-03,2
403,2001-12-19,5
403,2003-04-18,5
403,2004-01-19,5
404,1999-12-25,2
404,2001-04-15,2
404,2001-11-07,2
404,2002-06-25,2
404,2004-02-19,2
405,1999-07-29,5
405,2001-01-29,6
405,2001-07-30,7
405,2002-08-24,7
405,2003-07-08,7
406,2000-02-23,8
406,2000-09-22,8
406,2002-03-29,8
406,2002-11-17,8
406,2003-12-05,8
407,1999-09-27,3
407,2000-08-31,3
407,2002-02-09,3
407,2002-06-05,3
407,2003-10-06,3
408,2000-02-02,5
408,2001-02-17,4
408,2001-10-18,4
408,2002-08-05,4
408,2003-07-28,4
409,1999-11-28,3
409,2000-08-29,3
409,2001-08-12,3
409,2002-10-10,3
409,2003-06-23,3
410,2000-05-13,1
410,2001-02-26,1
410,2002-04-01,1
410,2003-05-09,1
410,2004-03-23,1
411,2000-03-28,8
411,2000-11-22,8
411,2001-07-09,8
411,2003-04-20,8
411,2004-02-03,8
412,1999-11-25,3
412,2000-12-16,3
412,2001-11-20,3
412,2002-07-21,3
412,2003-07-15,3
413,1999-08-27,4
413,2001-02-09,4
413,2001-07-24,4
413,2002-06-30,4
413,2003-11-29,4
414,2000-05-09,1
414,2000-11-21,1
414,2002-03-01,1
414,2003-05-15,1
414,2003-09-15,1
415,2000-05-14,8
415,2000-06-02,8
415,2002-01-20,8
415,2002-06-14,8
415,2003-07-21,8
416,1999-12-31,3
416,2000-07-13,3
416,2001-11-28,3
416,2002-12-29,3
416,2003-06-14,3
417,2000-03-21,1
417,2000-06-10,1
417,2001-10-17,1
417,2003-05-13,1
417,2003-09-05,1
418,1999-11-10,7
418,2000-12-17,7
418,2002-01-03,7
418,2003-03-13,7
418,2004-04-22,7
419,2000-05-12,7
419,2000-11-08,7
419,2001-07-30,7
419,2003-05-13,7
419,2003-06-04,7
420,1999-06-12,8
420,2001-03-29,6
420,2001-08-26,5
420,2002-11-04,5
420,2003-07-12,5
421,1999-10-27,8
421,2001-01-17,8
421,2002-05-18,8
421,2003-05-05,8
421,2003-09-19,8
422,2000-02-05,3
422,2001-02-02,3
422,2001-10-07,3
422,2002-12-22,3
422,2003-08-06,3
423,1999-07-10,5
423,2001-03-12,5
423,2001-06-21,5
423,2002-12-19,5
423,2004-01-19,8
424,1999-09-24,4
424,2001-02-20,4
424,2002-01-06,4
424,2002-07-09,4
424,2004-05-11,5
425,1999-06-10,6
425,2001-04-11,8
425,2001-09-03,8
425,2003-01-19,8
425,2003-11-16,8
426,2000-01-12,0
426,2000-08-14,0
426,2001-07-07,0
426,2003-02-05,0
426,2003-12-19,0
427,1999-06-10,8
427,2001-03-30,8
427,2001-12-23,8
427,2002-10-04,8
427,2004-03-26,8
428,1999-11-19,1
428,2000-08-30,1
428,2002-05-12,1
428,2002-06-02,1
428,2003-11-19,1
429,2000-04-26,1
429,2000-07-04,1
429,2002-04-18,8
429,2002-10-08,8
429,2003-09-07,8
430,1999-09-27,5
430,2001-01-10,5
430,2001-09-17,6
430,2002-12-20,6
430,2003-09-08,7
431,1999-10-25,4
431,2000-06-09,4
431,2002-02-21,3
431,2003-03-21,3
431,2003-11-21,3
432,1999-05-31,6
432,2000-10-02,8
432,2002-03-05,8
432,2002-11-30,8
432,2004-02-02,8
433,1999-11-27,7
433,2001-01-26,7
433,2002-01-07,7
433,2002-06-24,7
433,2003-10-08,7
434,2000-05-01,3
434,2001-03-19,3
434,2001-12-19,3
434,2003-04-08,4
434,2003-10-31,4
435,1999-08-13,3
435,2001-01-30,3
435,2001-08-02,3
435,2003-03-17,3
435,2003-12-26,3
436,2000-04-23,0
436,2000-08-07,0
436,2002-05-18,8
436,2002-06-26,8
436,2004-05-02,8
437,1999-08-05,0
437,2000-12-11,0
437,2001-09-05,0
437,2002-11-06,0
437,2004-04-07,0
438,2000-01-15,5
438,2000-07-09,5
438,2002-02-17,4
438,2003-01-30,4
438,2004-03-18,4
439,1999-07-23,3
439,2000-12-30,8
439,2001-07-20,8
439,2003-05-06,8
439,2004-04-07,8
440,1999-11-26,3
440,2000-06-11,3
440,2001-11-10,3
440,2002-05-25,3
440,2003-08-08,3
441,2000-04-16,8
441,2000-12-26,8
441,2002-02-08,8
441,2002-07-11,8
441,2003-09-15,8
442,1999-10-31,8
442,2000-08-20,8
442,2001-08-12,8
442,2002-10-01,8
442,2003-06-30,8
443,1999-08-24,8
443,2000-11-19,8
443,2002-05-02,8
443,2002-10-12,8
443,2003-09-16,8
444,1999-08-12,8
444,2000-12-08,8
444,2001-11-25,8
444,2003-01-19,8
444,2003-06-05,8
445,1999-06-08,3
445,2000-09-17,3
445,2001-09-10,3
445,2003-02-14,3
445,2003-12-17,3
446,1999-11-01,4
446,2001-05-02,5
446,2002-05-10,5
446,2002-08-18,5
446,2003-07-03,5
447,1999-12-26,1
447,2001-03-18,1
447,2001-08-28,1
447,2002-12-04,1
447,2003-12-22,1
448,1999-08-05,2
448,2000-11-15,2
448,2001-06-27,2
448,2003-01-29,3
448,2003-05-30,3
449,1999-10-30,5
449,2000-11-02,5
449,2001-07-06,5
449,2003-05-18,5
449,2003-07-30,5
450,2000-03-27,6
450,2001-01-12,6
450,2002-05-07,8
450,2003-01-19,8
450,2003-07-22,8
451,2000-04-18,8
451,2000-11-14,8
451,2002-01-18,8
451,2003-02-03,8
451,2003-06-23,8
452,2000-05-04,5
452,2001-01-13,5
452,2002-03-30,5
452,2002-08-09,5
452,2004-03-31,5
453,2000-03-24,8
453,2000-11-07,8
453,2002-05-02,8
453,2003-04-20,8
453,2003-06-12,8
454,1999-11-13,0
454,2000-08-06,0
454,2002-04-23,0
454,2003-02-19,0
454,2003-09-23,0
455,1999-08-18,8
455,2000-08-17,8
455,2002-02-12,8
455,2002-09-03,8
455,2003-07-09,8
456,2000-04-21,7
456,2001-05-13,7
456,2002-02-18,7
456,2003-04-15,7
456,2004-03-19,7
457,2000-01-07,0
457,2000-10-04,0
457,2001-10-15,0
457,2002-07-16,0
457,2003-10-04,0
458,2000-04-12,0
458,2000-08-08,0
458,2001-12-28,0
458,2003-04-10,8
458,2004-05-09,8
459,1999-07-23,0
459,2000-10-20,0
459,2001-09-21,0
459,2003-02-06,0
459,2003-10-30,0
460,1999-11-23,5
460,2000-05-28,5
460,2001-12-25,7
460,2003-02-23,7
460,2003-10-07,7
461,2000-04-29,4
461,2000-11-05,4
461,2002-05-03,4
461,2003-04-10,4
461,2004-02-19,3
462,1999-09-24,8
462,2000-05-29,8
462,2001-10-16,7
462,2002-10-30,7
462,2003-09-28,7
463,2000-01-24,6
463,2000-08-11,5
463,2002-01-06,4
463,2003-05-10,4
463,2004-01-31,4
464,1999-11-13,6
464,2000-11-14,6
464,2001-09-02,6
464,2003-05-01,4
464,2003-09-27,4
465,1999-07-29,7
465,2001-01-21,7
465,2001-09-07,7
465,2002-08-06,7
465,2004-01-28,7
466,1999-07-20,6
466,2000-06-24,4
466,2001-09-16,5
466,2002-06-19,5
466,2003-08-29,5
467,1999-10-09,8
467,2000-08-12,8
467,2001-12-26,8
467,2002-12-20,8
467,2004-03-20,8
468,2000-03-08,4
468,2000-11-10,4
468,2002-01-01,4
468,2002-10-10,4
468,2004-04-30,4
469,1999-11-30,2
469,2000-08-10,2
469,2001-07-17,2
469,2003-02-09,2
469,2004-02-13,2
470,1999-07-08,1
470,2001-04-05,1
470,2001-07-22,1
470,2002-10-26,2
470,2003-12-29,2
471,1999-12-27,4
471,2000-06-10,8
471,2002-01-17,7
471,2002-11-16,7
471,2003-09-20,7
472,1999-06-10,1
472,2000-06-10,8
472,2001-07-24,8
472,2002-11-16,8
472,2004-03-31,8
473,1999-08-12,6
473,2000-05-28,3
473,2001-10-27,3
473,2002-06-13,3
473,2004-02-14,3
474,1999-07-03,3
474,2000-11-15,3
474,2001-09-09,5
474,2002-10-25,5
474,2003-09-17,5
475,2000-05-17,4
475,2000-11-10,4
475,2001-12-03,5
475,2002-06-09,5
475,2003-10-01,4
476,2000-03-18,3
476,2001-01-15,3
476,2001-12-05,3
476,2002-07-05,3
476,2003-10-01,3
477,2000-02-16,7
477,2001-01-26,7
477,2002-01-21,7
477,2003-04-02,7
477,2003-06-01,7
478,2000-01-02,6
478,2001-01-13,8
478,2001-07-09,8
478,2003-04-05,8
478,2004-01-26,8
479,1999-09-07,0
479,2000-11-24,0
479,2002-04-28,0
479,2002-09-03,0
479,2003-08-10,0
480,2000-01-13,3
480,2000-10-23,3
480,2001-07-15,3
480,2003-02-09,3
480,2003-07-24,3
481,1999-11-13,8
481,2001-04-08,8
481,2001-10-21,3
481,2002-10-13,3
481,2003-06-05,3
482,2000-04-02,5
482,2001-05-16,5
482,2002-02-18,5
482,2002-05-21,5
482,2003-10-02,5
483,1999-05-21,1
483,2000-06-15,1
483,2001-09-11,1
483,2002-12-06,1
483,2004-02-12,1
484,1999-12-29,8
484,2001-03-09,8
484,2001-12-09,8
484,2002-09-24,8
484,2003-11-15,8
485,1999-10-29,8
485,2001-02-09,8
485,2001-06-12,8
485,2002-06-09,8
485,2004-05-02,8
486,1999-08-04,5
486,2000-11-28,5
486,2001-12-05,5
486,2002-08-09,5
486,2003-09-30,5
487,2000-04-16,4
487,2000-12-22,4
487,2001-10-10,8
487,2003-01-24,8
487,2004-01-28,8
488,2000-04-12,5
488,2000-11-22,7
488,2002-01-02,7
488,2003-03-29,7
488,2003-10-09,7
489,1999-11-03,2
489,2001-05-05,2
489,2002-04-15,3
489,2003-01-31,3
489,2003-12-09,4
490,2000-04-07,7
490,2000-12-10,7
490,2001-05-25,7
490,2002-11-12,7
490,2003-09-14,7
491,1999-10-11,3
491,2000-09-27,3
491,2001-12-31,3
491,2003-03-02,3
491,2003-10-18,3
492,1999-10-05,6
492,2000-05-30,8
492,2002-04-06,8
492,2002-09-30,8
492,2003-11-24,8
493,1999-07-31,0
493,2000-09-01,0
493,2001-06-08,0
493,2003-05-16,0
493,2003-12-11,0
494,1999-11-28,3
494,2001-01-20,3
494,2001-05-23,3
494,2002-11-19,3
494,2003-08-06,3
495,2000-03-01,3
495,2001-03-22,4
495,2001-10-03,4
495,2002-11-18,4
495,2003-05-22,4
496,2000-03-16,0
496,2000-10-19,0
496,2001-12-17,0
496,2002-08-18,0
496,2004-02-15,0
497,1999-08-26,5
497,2000-10-07,5
497,2001-10-19,5
497,2002-06-29,5
497,2004-01-23,5
498,1999-08-03,8
498,2001-02-26,8
498,2001-06-09,8
498,2003-01-09,4
498,2003-06-26,4
499,2000-02-20,6
499,2001-03-31,8
499,2001-06-25,8
499,2002-08-19,8
499,2004-03-21,8
500,1999-06-03,5
500,2000-09-07,5
500,2001-09-18,6
500,2002-06-04,6
500,2003-10-25,6
501,1999-07-21,4
501,2001-01-02,4
501,2001-06-07,4
501,2002-12-14,8
501,2004-04-22,8
502,2000-03-10,1
502,2000-07-30,1
502,2002-04-11,1
502,2003-01-09,1
502,2004-02-22,1
503,2000-01-23,5
503,2000-06-04,5
503,2002-04-11,8
503,2002-07-27,8
503,2004-02-03,8
504,2000-04-18,1
504,2001-04-07,1
504,2002-02-26,1
504,2002-12-30,1
504,2004-03-03,1
505,2000-03-24,1
505,2000-05-26,1
505,2001-08-06,1
505,2002-09-28,1
505,2003-11-19,1
506,2000-03-29,5
506,2000-07-23,6
506,2001-10-19,6
506,2002-07-24,6
506,2004-04-15,6
507,1999-12-16,5
507,2001-03-07,5
507,2001-11-12,5
507,2003-04-13,5
507,2003-10-19,5
508,1999-11-16,3
508,2000-10-09,3
508,2001-10-09,3
508,2002-08-27,3
508,2004-04-19,3
509,1999-11-29,2
509,2000-10-01,2
509,2001-10-26,2
509,2002-09-21,2
509,2003-08-09,2
510,2000-02-20,1
510,2001-01-19,1
510,2001-10-17,1
510,2003-03-10,1
510,2003-06-16,1
511,1999-07-15,5
511,2001-02-09,6
511,2002-01-04,6
511,2002-06-08,6
511,2003-10-04,8
512,2000-02-04,3
512,2000-12-15,3
512,2001-06-26,3
512,2002-12-30,3
512,2003-10-19,3
513,2000-04-14,5
513,2000-12-14,5
513,2001-09-14,4
513,2002-08-07,5
513,2003-12-04,4
514,1999-08-18,7
514,2001-03-27,7
514,2001-08-25,7
514,2002-09-01,7
514,2004-04-08,7
515,2000-05-01,8
515,2000-07-24,8
515,2002-04-16,8
515,2003-03-16,8
515,2004-01-11,8
516,1999-06-09,5
516,2000-12-03,5
516,2002-01-29,4
516,2003-02-14,4
516,2004-04-23,5
517,1999-10-21,7
517,2000-10-03,7
517,2002-04-25,7
517,2002-11-29,7
517,2003-07-04,7
518,1999-08-11,2
518,2000-12-09,2
518,2002-02-15,2
518,2002-10-11,2
518,2004-01-26,2
519,1999-08-29,1
519,2001-02-09,1
519,2002-02-28,1
519,2003-03-18,1
519,2003-10-26,1
520,1999-10-19,3
520,2000-05-26,3
520,2001-12-12,3
520,2003-01-29,3
520,2003-07-07,3
521,2000-02-11,0
521,2000-10-22,0
521,2001-12-23,0
521,2003-04-13,0
521,2003-08-07,0
522,2000-05-18,0
522,2001-01-22,0
522,2002-02-17,0
522,2002-12-23,0
522,2004-03-13,0
523,2000-02-13,2
523,2001-01-21,2
523,2001-09-25,2
523,2002-11-05,2
523,2003-06-02,7
524,2000-02-24,2
524,2000-06-11,2
524,2001-05-26,2
524,2002-05-30,2
524,2003-07-21,3
525,2000-04-22,1
525,2000-10-08,1
525,2001-06-01,1
525,2003-01-25,1
525,2004-01-12,1
526,1999-05-30,5
526,2000-11-08,5
526,2002-01-05,6
526,2003-01-21,6
526,2004-01-23,6
527,1999-10-13,7
527,2001-03-21,7
527,2002-04-22,7
527,2002-11-16,7
527,2003-12-12,7
528,2000-04-23,5
528,2000-10-29,8
528,2001-08-03,8
528,2002-07-07,8
528,2003-11-09,8
529,1999-10-14,4
529,2000-09-30,4
529,2001-05-22,4
529,2003-03-22,3
529,2004-03-19,3
530,1999-11-03,8
530,2001-04-02,8
530,2001-10-06,8
530,2002-10-25,8
530,2003-05-23,8
531,1999-10-29,3
531,2001-03-28,3
531,2001-12-02,4
531,2002-06-30,4
531,2003-08-17,4
532,2000-01-17,2
532,2000-11-09,3
532,2001-09-08,3
532,2002-09-30,3
532,2003-08-17,3
533,1999-11-19,3
533,2001-04-09,3
533,2002-05-15,3
533,2002-06-26,3
533,2004-01-29,3
534,2000-02-16,3
534,2001-04-18,3
534,2002-04-16,3
534,2002-12-06,3
534,2003-06-03,3
535,2000-03-04,7
535,2000-11-15,7
535,2002-04-26,7
535,2002-07-09,7
535,2004-02-18,7
536,2000-02-22,4
536,2001-02-08,4
536,2002-04-15,4
536,2002-08-21,8
536,2003-05-26,8
537,1999-11-22,7
537,2000-08-22,7
537,2002-03-25,7
537,2003-03-12,7
537,2003-06-29,7
538,2000-04-19,2
538,2000-12-19,2
538,2001-12-08,2
538,2002-06-25,2
538,2003-07-18,2
539,1999-10-28,7
539,2000-12-28,7
539,2002-01-27,7
539,2003-04-06,7
539,2003-12-25,7
540,1999-11-23,4
540,2000-09-20,4
540,2002-03-18,4
540,2002-11-03,4
540,2004-02-02,4
541,1999-11-15,4
541,2000-06-13,4
541,2001-06-26,4
541,2003-05-02,4
541,2004-02-25,4
542,1999-08-04,2
542,2001-03-18,2
542,2001-12-11,2
542,2003-01-25,2
542,2003-08-15,2
543,2000-04-13,5
543,2000-10-31,4
543,2001-05-28,4
543,2002-11-14,4
543,2003-09-11,4
544,2000-02-24,2
544,2000-12-30,2
544,2001-08-23,2
544,2002-09-29,1
544,2004-02-08,1
545,2000-05-15,7
545,2001-02-22,7
545,2001-07-01,7
545,2003-01-24,7
545,2004-04-08,7
546,2000-04-04,3
546,2001-02-08,3
546,2002-04-08,3
546,2003-04-05,3
546,2003-07-06,3
547,1999-10-30,2
547,2001-04-09,2
547,2001-10-18,2
547,2003-04-29,2
547,2003-06-25,2
548,1999-09-21,8
548,2001-03-17,8
548,2001-08-25,8
548,2003-05-03,8
548,2004-01-17,8
549,1999-10-20,8
549,2000-12-19,8
549,2001-12-06,8
549,2002-12-14,8
549,2004-04-09,8
550,1999-07-11,7
550,2000-11-17,7
550,2002-02-09,7
550,2003-01-29,7
550,2003-07-19,7
551,1999-10-30,5
551,2000-10-05,5
551,2002-01-21,5
551,2003-04-29,5
551,2003-09-15,7
552,2000-03-05,5
552,2001-04-27,5
552,2001-09-08,4
552,2003-03-12,4
552,2004-02-22,4
553,2000-05-10,3
553,2001-02-05,3
553,2002-02-10,3
553,2003-04-04,3
553,2004-04-19,3
554,1999-05-24,8
554,2000-06-14,8
554,2002-04-09,8
554,2002-09-01,8
554,2003-05-30,8
555,2000-01-18,3
555,2001-01-09,3
555,2002-04-10,3
555,2003-02-22,3
555,2003-05-20,3
556,2000-02-16,4
556,2000-10-06,4
556,2002-01-18,4
556,2003-02-11,4
556,2004-01-10,4
557,2000-03-02,8
557,2000-08-22,8
557,2001-12-25,8
557,2003-03-19,7
557,2003-08-04,7
558,2000-04-07,3
558,2000-10-19,3
558,2001-09-12,8
558,2002-09-01,8
558,2004-04-13,8
559,1999-07-09,3
559,2000-12-20,3
559,2001-09-26,3
559,2002-09-10,8
559,2003-10-11,8
560,2000-03-23,8
560,2000-08-15,8
560,2002-02-02,8
560,2003-01-13,8
560,2003-06-09,8
561,2000-01-06,5
561,2001-03-26,5
561,2002-02-27,5
561,2003-01-14,5
561,2003-06-16,5
562,1999-05-25,5
562,2001-02-10,5
562,2001-09-05,5
562,2002-11-02,5
562,2004-03-17,5
563,2000-01-13,5
563,2000-07-16,5
563,2002-02-14,6
563,2002-08-01,8
563,2004-01-24,4
564,2000-05-07,4
564,2001-03-25,4
564,2001-06-12,4
564,2002-08-21,4
564,2003-08-18,5
565,2000-01-24,8
565,2000-12-08,8
565,2001-08-19,8
565,2002-07-03,8
565,2004-01-10,8
566,2000-04-26,3
566,2000-08-01,8
566,2002-03-27,8
566,2002-11-25,8
566,2004-02-23,8
567,1999-07-29,5
567,2001-04-01,5
567,2001-09-10,4
567,2002-09-30,4
567,2004-01-13,3
568,1999-08-10,6
568,2000-10-17,6
568,2002-01-29,5
568,2003-03-24,5
568,2004-03-31,8
569,2000-05-04,5
569,2001-03-31,4
569,2001-05-23,4
569,2003-01-24,2
569,2003-07-10,2
570,2000-04-13,5
570,2000-07-02,5
570,2002-02-06,5
570,2003-01-01,5
570,2004-02-23,5
571,1999-10-21,2
571,2001-01-23,8
571,2001-07-20,8
571,2003-04-07,8
571,2004-01-25,8
572,1999-07-10,4
572,2001-03-07,5
572,2001-06-23,4
572,2002-09-26,3
572,2003-10-19,3
573,1999-08-02,5
573,2001-03-07,5
573,2002-03-08,5
573,2003-01-31,5
573,2004-04-21,5
574,1999-12-05,1
574,2001-03-25,1
574,2001-07-22,2
574,2002-07-01,2
574,2003-09-04,2
575,2000-03-11,8
575,2001-01-31,8
575,2001-09-27,8
575,2002-11-10,8
575,2003-09-04,8
576,1999-12-21,8
576,2000-08-05,8
576,2001-11-15,8
576,2003-04-30,8
576,2003-08-29,8
577,1999-06-21,5
577,2001-01-12,4
577,2002-03-01,4
577,2003-01-01,5
577,2004-03-17,7
578,2000-03-24,0
578,2001-04-24,8
578,2001-09-16,2
578,2003-01-19,2
578,2004-04-24,2
579,1999-08-18,4
579,2000-10-25,5
579,2002-01-19,5
579,2003-01-16,7
579,2003-12-25,7
580,1999-10-21,3
580,2000-05-29,3
580,2001-08-14,3
580,2002-10-31,3
580,2004-02-16,3
581,1999-06-06,1
581,2001-04-16,1
581,2002-02-21,1
581,2002-05-23,1
581,2003-12-06,2
582,1999-07-05,7
582,2000-11-27,7
582,2001-12-28,7
582,2003-05-17,7
582,2004-02-29,7
583,1999-06-01,5
583,2000-09-21,4
583,2001-12-19,4
583,2003-02-02,5
583,2003-10-08,6
584,1999-07-13,0
584,2000-09-15,1
584,2002-03-08,1
584,2002-09-04,1
584,2003-07-28,1
585,1999-10-06,2
585,2000-07-08,2
585,2001-10-19,2
585,2002-11-29,2
585,2003-10-01,2
586,1999-05-24,2
586,2001-03-08,2
586,2001-11-10,3
586,2003-04-02,3
586,2004-04-10,3
587,2000-02-02,2
587,2001-03-29,2
587,2001-10-11,2
587,2002-06-26,2
587,2004-01-13,2
588,2000-02-18,3
588,2000-10-01,3
588,2002-03-03,3
588,2002-06-19,3
588,2004-04-11,3
589,2000-03-15,3
589,2001-05-03,3
589,2001-08-27,3
589,2002-10-13,3
589,2003-08-31,3
590,2000-01-04,8
590,2000-11-17,8
590,2001-12-22,8
590,2002-06-12,8
590,2004-02-29,8
591,1999-07-18,4
591,2001-03-20,4
591,2002-03-30,4
591,2002-07-15,4
591,2003-12-02,4
592,2000-03-04,1
592,2000-08-18,1
592,2002-01-19,1
592,2003-02-12,1
592,2003-10-04,1
593,1999-06-15,1
593,2001-01-31,1
593,2001-05-26,1
593,2002-12-08,1
593,2003-12-16,3
594,2000-01-27,8
594,2001-04-27,8
594,2002-05-14,8
594,2003-04-21,8
594,2004-01-07,8
595,2000-01-31,5
595,2000-09-27,6
595,2002-01-23,6
595,2002-10-07,4
595,2003-06-12,4
596,2000-04-23,1
596,2001-04-02,1
596,2001-08-15,1
596,2002-11-26,1
596,2004-01-25,8
597,1999-05-30,8
597,2000-10-16,8
597,2002-02-04,8
597,2003-04-07,8
597,2003-08-01,8
598,1999-06-26,4
598,2001-05-15,4
598,2001-12-25,4
598,2002-10-23,6
598,2004-04-05,6
599,1999-08-18,2
599,2000-08-27,2
599,2001-12-17,2
599,2002-07-13,2
599,2004-02-23,2
600,1999-08-28,8
600,2001-04-10,8
600,2001-10-30,8
600,2002-05-30,8
600,2004-03-16,8
601,1999-12-02,3
601,2001-02-24,3
601,2001-06-26,3
601,2003-03-18,2
601,2003-06-01,2
602,1999-09-02,8
602,2000-08-21,8
602,2002-01-07,8
602,2002-12-27,8
602,2004-04-14,8
603,1999-11-27,8
603,2000-08-07,8
603,2001-06-03,8
603,2003-01-20,8
603,2003-06-04,8
604,1999-07-04,6
604,2000-10-21,6
604,2002-04-13,8
604,2002-10-24,8
604,2004-04-23,8
605,1999-09-09,7
605,2001-03-28,7
605,2002-05-08,7
605,2002-12-09,7
605,2004-02-19,7
606,1999-07-13,7
606,2001-04-01,7
606,2001-10-30,7
606,2002-12-02,7
606,2004-03-21,7
607,2000-04-20,8
607,2001-04-05,8
607,2002-01-07,8
607,2002-07-06,8
607,2003-10-09,8
608,1999-10-05,2
608,2001-02-25,2
608,2001-11-25,2
608,2003-05-10,2
608,2003-09-25,2
609,2000-01-25,0
609,2000-11-20,0
609,2002-03-20,0
609,2002-10-06,0
609,2003-06-08,0
610,2000-05-16,5
610,2000-12-22,5
610,2001-07-09,5
610,2002-09-27,8
610,2004-02-27,8
611,2000-03-19,0
611,2001-05-17,0
611,2002-02-28,0
611,2003-04-30,0
611,2004-03-14,0
612,2000-02-20,1
612,2001-05-02,1
612,2002-02-16,1
612,2002-07-02,2
612,2003-12-28,2
613,1999-11-02,8
613,2001-03-24,8
613,2002-05-14,8
613,2002-08-22,8
613,2003-11-28,8
614,1999-11-23,8
614,2000-06-15,8
614,2002-02-17,8
614,2003-05-17,8
614,2004-02-12,8
615,1999-05-25,2
615,2000-10-31,2
615,2002-04-22,2
615,2003-03-09,2
615,2004-03-20,2
616,1999-07-10,6
616,2000-11-17,8
616,2001-11-30,8
616,2002-07-12,8
616,2004-03-08,2
617,1999-11-04,7
617,2001-03-29,7
617,2001-06-29,7
617,2003-04-06,7
617,2003-12-22,7
618,1999-11-01,0
618,2000-12-12,0
618,2001-07-17,8
618,2003-04-02,8
618,2003-07-22,8
619,2000-04-05,1
619,2001-01-18,1
619,2001-06-27,8
619,2002-11-01,8
619,2003-08-16,8
620,1999-09-15,3
620,2000-12-29,3
620,2001-12-10,3
620,2003-02-01,3
620,2003-06-15,3
621,1999-06-29,0
621,2000-06-11,0
621,2001-09-07,0
621,2002-08-25,0
621,2004-02-27,0
622,1999-09-24,8
622,2000-05-31,8
622,2001-12-06,8
622,2002-06-10,8
622,2003-10-28,8
623,1999-11-25,6
623,2001-02-14,7
623,2002-04-27,7
623,2002-12-23,7
623,2004-04-15,7
624,1999-11-11,7
624,2000-12-30,7
624,2001-09-18,7
624,2003-01-03,7
624,2003-07-19,7
625,1999-10-18,1
625,2000-08-30,1
625,2002-02-02,1
625,2002-10-05,1
625,2004-03-27,1
626,1999-11-08,7
626,2000-10-24,7
626,2002-05-04,7
626,2003-05-12,7
626,2004-01-30,7
627,2000-05-12,4
627,2000-11-09,4
627,2001-08-14,5
627,2002-08-10,5
627,2003-10-11,4
628,1999-11-26,8
628,2001-01-27,8
628,2002-01-02,8
628,2002-08-19,8
628,2003-08-20,8
629,1999-09-04,5
629,2000-12-28,5
629,2002-01-03,5
629,2003-01-05,5
629,2003-06-26,5
630,1999-08-03,3
630,2000-08-31,3
630,2001-12-10,4
630,2003-01-24,4
630,2004-03-22,4
631,2000-03-11,6
631,2000-07-20,6
631,2001-11-27,6
631,2002-08-27,6
631,2003-10-17,6
632,1999-12-26,7
632,2001-01-11,7
632,2001-08-27,7
632,2003-03-15,7
632,2003-12-17,7
633,1999-10-11,7
633,2000-12-20,7
633,2001-12-27,7
633,2002-06-25,7
633,2003-12-20,7
634,2000-03-01,4
634,2000-07-06,5
634,2001-07-18,5
634,2003-03-27,5
634,2003-09-29,5
635,1999-07-02,2
635,2000-12-07,2
635,2001-06-19,2
635,2003-01-07,2
635,2003-11-08,2
636,2000-04-16,2
636,2000-05-22,2
636,2002-03-07,2
636,2002-07-06,2
636,2003-08-24,2
637,1999-08-01,7
637,2000-11-29,7
637,2002-04-18,7
637,2003-02-18,7
637,2003-09-24,7
638,1999-09-22,2
638,2000-09-02,2
638,2001-12-31,2
638,2002-11-18,2
638,2004-02-20,2
639,2000-01-06,4
639,2001-03-04,8
639,2001-09-01,8
639,2002-09-17,8
639,2004-01-10,8
640,1999-08-22,2
640,2001-04-19,2
640,2002-03-30,2
640,2003-04-13,2
640,2003-10-20,2
641,2000-02-19,7
641,2001-05-05,7
641,2002-02-23,7
641,2002-07-26,7
641,2004-04-04,7
642,2000-04-28,7
642,2000-09-11,7
642,2002-04-16,7
642,2002-07-04,7
642,2003-10-25,7
643,2000-01-17,8
643,2000-07-21,5
643,2002-05-10,5
643,2002-06-28,5
643,2003-09-08,5
644,1999-10-20,4
644,2000-11-04,4
644,2001-12-02,4
644,2003-05-18,4
644,2004-03-11,3
645,2000-04-08,3
645,2001-04-05,3
645,2001-07-17,3
645,2002-11-08,3
645,2003-08-06,3
646,1999-09-29,3
646,2001-02-20,3
646,2001-10-19,3
646,2002-11-25,3
646,2004-01-20,5
647,1999-12-28,7
647,2000-07-11,7
647,2002-02-04,7
647,2002-07-24,7
647,2003-05-25,7
648,2000-04-09,8
648,2000-06-19,8
648,2001-09-03,8
648,2002-09-09,8
648,2004-04-25,8
649,2000-02-23,5
649,2000-05-27,5
649,2001-05-21,8
649,2003-01-28,8
649,2003-11-17,8
650,1999-07-08,0
650,2000-10-08,0
650,2001-05-26,1
650,2002-08-04,1
650,2004-01-17,1
651,1999-07-15,3
651,2000-08-29,3
651,2002-01-13,3
651,2003-02-12,3
651,2004-03-12,3
652,2000-01-21,0
652,2000-12-24,0
652,2001-07-04,0
652,2002-11-13,0
652,2004-02-22,0
653,1999-09-11,0
653,2001-02-17,8
653,2002-02-06,8
653,2003-04-03,8
653,2004-01-11,8
654,2000-05-03,2
654,2001-04-22,2
654,2002-02-27,2
654,2002-11-14,2
654,2003-05-21,2
655,1999-12-04,2
655,2000-08-15,2
655,2001-11-02,2
655,2003-01-31,3
655,2003-10-30,3
656,2000-04-08,7
656,2000-11-08,7
656,2002-04-04,7
656,2003-01-01,7
656,2004-01-21,7
657,1999-07-06,7
657,2001-02-15,7
657,2001-11-13,7
657,2003-03-24,7
657,2003-11-15,7
658,1999-08-02,6
658,2001-03-13,8
658,2002-01-27,8
658,2002-11-02,8
658,2004-04-14,8
659,2000-04-21,7
659,2001-01-22,7
659,2002-03-23,7
659,2003-03-13,7
659,2003-06-29,7
660,1999-05-22,8
660,2001-01-02,8
660,2001-12-28,3
660,2002-06-11,3
660,2004-01-02,3
661,2000-01-13,5
661,2000-09-12,5
661,2001-05-25,8
661,2003-04-03,8
661,2004-04-18,8
662,1999-09-03,6
662,2000-06-17,6
662,2001-07-21,6
662,2003-01-03,6
662,2003-08-21,6
663,2000-04-14,3
663,2000-06-05,3
663,2001-11-26,3
663,2003-03-21,3
663,2003-09-21,3
664,2000-02-14,0
664,2000-06-26,0
664,2001-08-29,8
664,2002-05-26,8
664,2003-05-24,8
665,1999-07-31,4
665,2001-02-25,4
665,2001-06-21,8
665,2002-08-20,8
665,2003-05-27,8
666,2000-01-28,0
666,2000-06-19,0
666,2002-03-01,0
666,2003-01-13,0
666,2003-11-11,0
667,1999-11-04,5
667,2000-12-09,6
667,2001-12-10,6
667,2002-07-01,6
667,2003-08-24,8
668,1999-07-28,2
668,2000-09-20,2
668,2001-07-09,2
668,2002-09-01,2
668,2003-09-06,2
669,1999-05-31,8
669,2000-08-21,8
669,2001-12-18,8
669,2002-10-09,8
669,2003-07-07,8
670,1999-08-05,3
670,2000-09-10,3
670,2002-03-30,3
670,2002-11-08,3
670,2004-03-20,3
671,1999-07-08,5
671,2000-11-11,5
671,2001-05-21,5
671,2003-04-06,5
671,2003-07-26,3
672,1999-08-03,4
672,2000-07-16,5
672,2001-09-25,5
672,2002-09-10,7
672,2004-04-13,7
673,2000-04-11,1
673,2000-12-01,1
673,2002-05-11,1
673,2002-06-13,1
673,2003-09-06,1
674,1999-07-06,0
674,2001-02-20,0
674,2001-11-10,0
674,2002-09-17,0
674,2003-07-24,0
675,1999-12-07,7
675,2000-12-11,7
675,2002-04-10,7
675,2003-01-27,7
675,2004-03-25,7
676,1999-12-27,4
676,2000-12-24,8
676,2002-05-16,8
676,2002-11-01,8
676,2004-05-14,7
677,2000-03-24,1
677,2000-09-05,1
677,2001-06-25,1
677,2003-01-07,1
677,2003-09-14,1
678,1999-11-30,4
678,2000-06-15,4
678,2001-06-15,4
678,2003-02-01,4
678,2003-10-17,4
679,2000-01-25,7
679,2000-09-22,7
679,2002-01-25,7
679,2002-08-18,7
679,2003-08-12,7
680,1999-09-09,0
680,2001-01-11,0
680,2001-06-22,0
680,2003-05-19,0
680,2003-06-16,8
681,1999-10-02,8
681,2000-10-07,8
681,2001-09-05,8
681,2003-04-06,8
681,2003-05-20,8
682,1999-11-25,8
682,2000-06-07,8
682,2001-07-23,8
682,2002-11-22,6
682,2004-03-31,6
683,2000-01-30,4
683,2000-09-16,5
683,2001-10-04,5
683,2002-07-29,8
683,2003-10-04,8
684,1999-10-09,0
684,2001-02-09,0
684,2001-10-08,2
684,2002-10-11,2
684,2003-07-01,2
685,2000-03-19,3
685,2000-09-21,3
685,2002-02-12,3
685,2002-11-24,3
685,2003-11-17,4
686,1999-12-27,5
686,2001-01-20,2
686,2001-09-26,2
686,2002-06-25,2
686,2003-06-21,2
687,2000-03-11,2
687,2001-03-31,2
687,2002-01-20,2
687,2002-12-16,2
687,2003-06-19,1
688,1999-06-24,1
688,2000-07-31,1
688,2002-05-18,1
688,2003-01-23,1
688,2003-10-02,1
689,1999-05-30,7
689,2000-07-14,7
689,2001-09-15,7
689,2003-01-07,7
689,2003-10-26,7
690,1999-10-08,4
690,2000-12-09,5
690,2001-05-28,5
690,2003-03-06,5
690,2003-06-06,8
691,1999-05-24,7
691,2001-01-21,7
691,2001-09-05,7
691,2002-08-07,7
691,2003-09-24,7
692,2000-04-03,7
692,2000-05-27,7
692,2002-03-26,7
692,2003-02-01,7
692,2003-08-03,7
693,1999-05-24,2
693,2000-10-03,2
693,2001-11-12,2
693,2002-12-24,1
693,2004-03-02,1
694,1999-09-28,2
694,2000-12-31,2
694,2002-04-28,2
694,2002-09-08,2
694,2003-08-24,2
695,2000-03-02,0
695,2000-12-18,0
695,2001-10-23,0
695,2002-07-19,0
695,2004-04-21,0
696,2000-01-14,8
696,2000-11-08,8
696,2001-06-21,8
696,2002-09-16,8
696,2004-05-16,8
697,1999-06-06,0
697,2000-09-18,0
697,2002-04-05,0
697,2003-01-14,0
697,2004-04-07,0
698,2000-01-10,7
698,2000-07-16,7
698,2002-04-19,7
698,2003-01-16,7
698,2003-11-20,7
699,2000-04-03,3
699,2000-12-04,3
699,2001-05-24,3
699,2002-09-02,3
699,2003-06-14,6
700,2000-03-08,3
700,2001-01-26,3
700,2001-08-09,3
700,2003-04-05,3
700,2003-11-20,3
701,1999-09-28,7
701,2000-12-07,7
701,2001-06-25,7
701,2002-07-16,7
701,2003-10-17,7
702,1999-06-16,2
702,2000-07-13,2
702,2002-02-27,2
702,2003-02-22,2
702,2003-06-15,2
703,1999-09-08,8
703,2000-07-06,8
703,2001-12-15,8
703,2002-07-17,8
703,2003-06-27,8
704,2000-05-18,6
704,2001-05-16,5
704,2001-10-04,5
704,2003-02-01,5
704,2004-05-09,5
705,2000-03-16,8
705,2000-07-18,8
705,2001-06-22,8
705,2002-11-18,8
705,2003-08-04,8
706,2000-03-04,6
706,2000-12-26,6
706,2001-11-30,6
706,2002-06-16,6
706,2004-05-07,6
707,1999-10-25,7
707,2001-05-01,7
707,2002-03-30,7
707,2002-06-02,7
707,2003-06-01,7
708,1999-08-11,8
708,2001-05-03,8
708,2001-05-29,8
708,2002-12-11,8
708,2004-04-09,8
709,1999-12-08,2
709,2001-01-17,2
709,2001-11-10,4
709,2003-04-06,4
709,2004-01-08,4
710,1999-12-08,4
710,2000-07-31,5
710,2001-06-10,3
710,2003-05-11,4
710,2004-02-29,4
711,2000-05-19,5
711,2001-04-20,6
711,2001-10-14,6
711,2002-08-24,6
711,2004-04-14,6
712,1999-12-12,3
712,2000-07-05,3
712,2001-07-16,3
712,2003-02-01,3
712,2003-08-31,3
713,1999-11-07,5
713,2001-05-07,8
713,2001-12-07,8
713,2003-05-06,8
713,2004-01-25,8
714,2000-03-16,8
714,2000-05-29,8
714,2001-10-28,8
714,2002-09-12,8
714,2003-06-24,8
715,1999-11-19,1
715,2000-08-13,1
715,2002-05-05,1
715,2003-05-13,1
715,2004-04-30,1
716,2000-03-26,8
716,2000-09-02,8
716,2001-10-26,8
716,2003-04-11,8
716,2003-10-21,8
717,1999-10-21,1
717,2000-11-09,1
717,2001-07-11,1
717,2002-12-01,1
717,2003-08-17,0
718,2000-05-09,7
718,2001-04-05,7
718,2001-10-27,7
718,2002-08-07,7
718,2003-05-28,7
719,2000-02-28,2
719,2001-05-13,2
719,2001-07-31,2
719,2003-02-22,2
719,2004-02-20,2
720,1999-07-26,6
720,2001-04-11,8
720,2001-12-02,8
720,2002-11-30,8
720,2004-02-15,8
721,1999-08-22,6
721,2000-10-14,6
721,2001-12-15,6
721,2002-11-24,6
721,2004-03-11,6
722,1999-10-08,0
722,2001-02-02,0
722,2001-06-15,0
722,2002-12-11,0
722,2003-10-07,0
723,1999-08-02,3
723,2000-09-07,3
723,2002-01-14,3
723,2002-12-27,3
723,2004-01-06,3
724,1999-06-23,2
724,2001-01-25,2
724,2002-01-20,2
724,2002-09-03,2
724,2003-07-27,2
725,2000-03-06,1
725,2001-01-15,1
725,2001-10-02,1
725,2003-02-12,1
725,2004-03-22,8
726,1999-08-04,8
726,2000-06-20,8
726,2001-08-18,8
726,2002-08-19,8
726,2004-03-21,8
727,1999-11-19,8
727,2000-12-13,8
727,2001-06-12,8
727,2003-03-09,8
727,2003-10-01,8
728,1999-06-22,5
728,2001-05-06,8
728,2001-11-25,8
728,2002-10-15,8
728,2003-09-09,8
729,2000-04-22,8
729,2000-07-08,8
729,2001-08-13,8
729,2003-02-15,8
729,2004-01-30,8
730,2000-04-02,8
730,2001-03-25,8
730,2001-09-15,8
730,2002-10-06,8
730,2004-01-22,8
731,1999-12-06,5
731,2000-10-13,5
731,2001-09-08,8
731,2003-04-10,8
731,2003-06-08,8
732,1999-12-12,0
732,2000-09-04,0
732,2001-09-05,0
732,2003-03-22,0
732,2003-08-17,1
733,2000-03-18,8
733,2000-12-16,8
733,2002-04-16,3
733,2002-08-18,3
733,2004-01-05,3
734,1999-08-07,0
734,2000-05-20,0
734,2001-06-13,0
734,2002-11-04,0
734,2004-01-17,0
735,1999-06-23,8
735,2000-10-22,8
735,2001-07-01,8
735,2003-04-06,8
735,2003-10-03,8
736,1999-06-15,7
736,2000-10-10,7
736,2002-04-07,7
736,2003-03-22,7
736,2004-04-15,7
737,1999-12-02,1
737,2000-12-20,1
737,2002-03-16,1
737,2003-01-30,1
737,2004-04-08,2
738,1999-08-12,4
738,2000-10-16,4
738,2001-06-06,4
738,2002-07-15,4
738,2003-11-18,4
739,1999-07-09,4
739,2001-01-20,4
739,2001-11-25,4
739,2003-05-14,5
739,2003-11-13,8
740,1999-07-18,0
740,2001-05-10,0
740,2001-06-08,0
740,2002-11-26,0
740,2004-03-15,0
741,2000-03-20,3
741,2001-01-02,3
741,2002-02-19,3
741,2002-10-26,3
741,2003-12-14,3
742,1999-09-16,2
742,2000-09-12,2
742,2001-05-29,2
742,2002-12-13,2
742,2004-01-13,2
743,2000-04-10,4
743,2001-05-07,4
743,2002-01-10,8
743,2002-11-13,8
743,2004-05-11,8
744,2000-03-10,0
744,2001-04-26,0
744,2002-02-13,0
744,2003-04-24,0
744,2003-10-24,8
745,2000-04-08,2
745,2001-02-08,2
745,2002-01-25,2
745,2002-10-12,2
745,2004-03-09,3
746,1999-11-18,7
746,2001-04-06,7
746,2001-06-15,7
746,2002-06-20,7
746,2004-03-07,7
747,1999-06-26,7
747,2000-11-06,7
747,2002-04-22,7
747,2002-05-26,7
747,2003-11-25,7
748,2000-04-15,2
748,2000-12-17,2
748,2001-06-28,2
748,2002-06-26,2
748,2003-06-03,2
749,1999-11-28,7
749,2000-07-18,7
749,2001-09-08,7
749,2002-12-10,7
749,2003-06-20,7
750,2000-01-18,2
750,2000-11-05,2
750,2001-08-06,2
750,2002-10-15,1
750,2003-12-12,1
751,1999-12-26,2
751,2000-07-11,2
751,2002-03-10,2
751,2002-10-12,1
751,2004-01-06,1
752,2000-01-25,4
752,2001-05-17,5
752,2002-02-16,5
752,2003-03-28,5
752,2004-01-29,5
753,1999-06-14,2
753,2000-06-12,2
753,2001-10-08,2
753,2002-07-16,2
753,2003-09-20,3
754,2000-01-03,2
754,2000-10-15,2
754,2002-05-08,2
754,2002-05-22,2
754,2004-03-02,2
755,1999-06-15,6
755,2000-08-16,6
755,2002-05-02,6
755,2002-07-18,6
755,2004-03-11,8
756,2000-04-20,2
756,2000-06-30,2
756,2002-05-16,2
756,2002-08-02,2
756,2003-12-17,2
757,2000-04-05,7
757,2000-05-28,7
757,2002-03-29,7
757,2002-05-30,7
757,2003-08-01,7
758,1999-11-01,6
758,2001-03-01,6
758,2002-05-06,5
758,2003-03-01,5
758,2003-09-16,5
759,1999-11-01,7
759,2000-08-12,7
759,2001-10-17,7
759,2003-05-16,7
759,2003-10-15,7
760,1999-12-14,7
760,2001-02-21,7
760,2001-12-30,7
760,2002-11-29,7
760,2003-06-04,7
761,1999-08-03,7
761,2001-05-10,7
761,2002-03-16,7
761,2002-07-16,7
761,2004-01-23,7
762,1999-09-10,3
762,2000-06-30,3
762,2001-08-05,3
762,2002-11-13,3
762,2004-01-05,3
763,2000-01-04,6
763,2001-03-28,8
763,2001-09-16,5
763,2002-08-12,8
763,2004-04-16,8
764,1999-05-24,2
764,2001-04-10,2
764,2001-11-30,2
764,2002-05-22,2
764,2004-02-04,2
765,1999-12-04,2
765,2000-08-19,2
765,2002-01-26,2
765,2002-05-22,2
765,2003-08-29,2
766,2000-05-16,7
766,2001-01-01,7
766,2001-12-27,7
766,2003-04-03,7
766,2003-10-06,7
767,1999-11-03,2
767,2000-11-19,2
767,2001-08-08,2
767,2002-12-15,2
767,2004-03-11,2
768,2000-01-05,0
768,2000-11-13,0
768,2002-04-18,0
768,2003-05-06,8
768,2003-05-26,8
769,1999-12-08,1
769,2000-06-01,1
769,2001-09-22,1
769,2002-09-10,1
769,2003-11-19,1
770,1999-09-22,2
770,2000-09-11,2
770,2001-05-20,2
770,2002-09-17,2
770,2003-05-20,2
771,2000-01-23,7
771,2000-12-05,7
771,2002-01-09,7
771,2003-02-24,7
771,2004-03-21,7
772,2000-02-28,8
772,2000-11-17,8
772,2001-09-30,8
772,2002-06-28,8
772,2003-05-27,8
773,2000-05-09,8
773,2000-08-14,8
773,2001-09-25,8
773,2002-11-19,8
773,2003-10-16,8
774,2000-01-06,7
774,2001-05-10,7
774,2002-01-05,7
774,2002-08-18,7
774,2003-06-03,7
775,1999-05-22,5
775,2001-03-16,5
775,2001-12-19,5
775,2002-09-26,5
775,2004-01-16,5
776,1999-06-22,4
776,2000-09-25,4
776,2001-09-04,3
776,2002-08-06,3
776,2003-12-10,3
777,1999-07-20,6
777,2000-11-10,8
777,2001-09-28,8
777,2002-06-30,3
777,2004-01-12,3
778,2000-03-12,4
778,2000-11-24,4
778,2001-06-23,4
778,2002-07-08,4
778,2003-10-26,4
779,1999-06-17,5
779,2001-03-24,5
779,2002-02-17,5
779,2002-07-01,4
779,2004-02-07,4
780,2000-04-24,1
780,2001-03-08,3
780,2001-08-04,3
780,2003-03-18,3
780,2003-10-21,3
781,1999-11-29,4
781,2000-07-22,4
781,2001-07-17,4
781,2003-04-24,4
781,2003-08-30,5
782,1999-11-04,1
782,2001-03-06,2
782,2001-11-22,2
782,2002-07-16,2
782,2003-10-20,2
783,1999-06-28,5
783,2001-02-26,5
783,2001-10-13,4
783,2002-11-18,3
783,2003-09-07,3
784,2000-04-20,2
784,2000-11-04,2
784,2001-06-07,8
784,2003-05-07,8
784,2003-10-29,8
785,1999-07-12,4
785,2001-01-30,4
785,2001-08-28,4
785,2002-11-28,4
785,2003-06-04,5
786,2000-05-16,0
786,2000-06-08,0
786,2002-04-08,0
786,2002-08-29,0
786,2004-01-06,0
787,1999-09-13,0
787,2000-09-21,8
787,2001-10-01,8
787,2002-06-10,8
787,2003-12-04,8
788,1999-07-27,6
788,2000-10-09,8
788,2001-11-15,8
788,2002-10-15,8
788,2003-05-24,8
789,2000-02-08,7
789,2001-02-06,7
789,2002-02-14,7
789,2002-09-15,7
789,2003-06-19,7
790,1999-09-11,4
790,2001-02-26,4
790,2001-12-17,5
790,2002-10-27,5
790,2003-07-11,4
791,1999-11-09,0
791,2000-11-03,0
791,2002-04-07,7
791,2002-12-18,7
791,2003-06-14,7
792,1999-12-30,8
792,2000-10-27,8
792,2001-12-18,8
792,2002-07-08,8
792,2004-02-19,8
793,2000-04-05,4
793,2000-08-14,5
793,2002-05-12,5
793,2002-10-05,5
793,2004-01-24,5
794,2000-02-27,8
794,2001-04-23,8
794,2001-11-16,8
794,2002-12-25,8
794,2003-07-13,8
795,2000-02-12,1
795,2001-03-21,1
795,2001-11-24,1
795,2002-08-20,1
795,2003-06-08,1
796,2000-01-14,4
796,2000-06-09,4
796,2001-10-17,5
796,2002-09-22,5
796,2004-01-13,5
797,2000-03-23,6
797,2000-10-06,6
797,2001-11-26,6
797,2002-10-30,5
797,2003-11-26,5
798,2000-04-10,7
798,2000-08-11,7
798,2002-01-13,7
798,2002-12-08,7
798,2004-01-02,7
799,2000-01-01,7
799,2000-09-18,7
799,2001-12-16,7
799,2002-06-05,7
799,2003-10-19,7
800,1999-10-19,1
800,2001-03-29,3
800,2001-07-27,3
800,2003-03-21,3
800,2004-02-22,3
801,1999-11-24,1
801,2001-01-01,8
801,2001-08-05,8
801,2002-09-16,8
801,2004-03-15,8
802,2000-04-04,6
802,2000-10-21,5
802,2002-03-10,5
802,2002-06-07,5
802,2004-03-22,8
803,2000-02-15,2
803,2001-02-19,2
803,2001-09-27,8
803,2002-12-30,8
803,2003-07-01,8
804,1999-10-26,5
804,2001-01-14,5
804,2001-12-19,6
804,2002-10-28,6
804,2003-07-25,5
805,1999-08-14,1
805,2000-09-13,1
805,2002-02-13,1
805,2002-07-04,1
805,2003-12-25,1
806,1999-12-08,8
806,2000-10-11,8
806,2002-01-26,8
806,2003-04-11,8
806,2004-05-02,8
807,1999-08-21,6
807,2001-04-08,6
807,2001-12-25,6
807,2002-12-01,6
807,2004-05-16,6
808,1999-07-18,4
808,2000-12-15,4
808,2002-04-26,4
808,2003-04-18,3
808,2004-02-05,3
809,2000-01-15,0
809,2001-05-11,0
809,2002-01-08,0
809,2002-10-02,0
809,2004-05-11,0
810,1999-11-01,7
810,2001-04-21,7
810,2001-11-03,7
810,2002-08-30,7
810,2003-12-31,7
811,2000-04-10,0
811,2001-03-18,0
811,2001-11-04,0
811,2002-08-01,0
811,2003-10-26,0
812,1999-11-07,2
812,2000-06-01,2
812,2002-03-25,2
812,2002-11-04,2
812,2004-02-08,2
813,1999-10-12,8
813,2000-08-25,8
813,2002-03-27,8
813,2003-03-03,8
813,2004-03-18,8
814,1999-11-05,8
814,2001-05-13,8
814,2002-03-15,8
814,2002-07-18,8
814,2004-04-04,8
815,2000-05-09,3
815,2000-12-31,3
815,2001-07-21,3
815,2002-06-02,3
815,2003-07-21,3
816,1999-07-29,0
816,2000-08-02,0
816,2001-10-16,8
816,2002-08-20,8
816,2004-01-17,8
817,1999-09-13,3
817,2000-12-05,3
817,2002-04-23,3
817,2003-03-27,4
817,2003-11-14,4
818,2000-02-07,2
818,2000-10-29,2
818,2001-11-21,2
818,2002-09-30,2
818,2003-09-10,2
819,1999-11-09,2
819,2000-11-22,2
819,2002-04-16,2
819,2002-09-29,2
819,2003-12-09,2
820,2000-01-04,7
820,2000-06-24,7
820,2001-07-18,7
820,2002-07-10,7
820,2003-12-05,7
821,2000-02-02,7
821,2000-06-09,7
821,2002-04-30,7
821,2002-09-04,7
821,2003-08-26,7
822,1999-07-25,4
822,2000-09-02,4
822,2002-03-11,4
822,2002-06-24,8
822,2003-07-04,8
823,1999-09-27,0
823,2001-05-09,0
823,2001-05-31,0
823,2003-01-30,0
823,2003-06-10,0
824,2000-03-02,0
824,2000-08-01,0
824,2001-10-04,0
824,2003-01-26,0
824,2003-11-05,0
825,1999-09-21,7
825,2001-01-08,7
825,2002-01-08,7
825,2002-12-02,7
825,2003-08-14,7
826,2000-03-22,6
826,2001-03-14,6
826,2001-10-08,8
826,2002-09-07,8
826,2003-06-11,8
827,1999-09-02,3
827,2001-03-21,3
827,2001-05-22,3
827,2002-11-27,3
827,2004-01-03,3
828,2000-02-15,3
828,2000-09-16,3
828,2002-04-30,2
828,2002-09-19,2
828,2003-10-30,2
829,1999-12-27,5
829,2000-10-28,5
829,2002-05-01,5
829,2003-03-29,5
829,2004-03-30,5
830,2000-02-16,2
830,2000-06-27,2
830,2001-05-29,3
830,2002-09-13,3
830,2003-11-01,3
831,2000-05-09,7
831,2000-11-17,7
831,2001-08-09,7
831,2003-01-27,7
831,2003-06-07,7
832,2000-04-16,8
832,2001-01-16,8
832,2001-12-02,8
832,2002-12-28,8
832,2004-03-27,8
833,1999-07-30,4
833,2000-08-23,4
833,2001-12-31,3
833,2003-05-01,3
833,2003-08-02,3
834,1999-07-12,8
834,2001-02-01,8
834,2001-08-04,8
834,2002-07-19,8
834,2004-01-22,8
835,1999-12-14,7
835,2000-12-20,7
835,2001-09-08,7
835,2002-11-23,7
835,2003-11-06,7
836,1999-11-29,0
836,2000-08-02,0
836,2001-12-08,0
836,2002-10-22,0
836,2003-12-19,0
837,2000-03-06,6
837,2000-07-27,5
837,2001-08-17,5
837,2002-08-26,5
837,2003-07-05,5
838,2000-01-21,8
838,2001-02-20,8
838,2001-07-13,8
838,2003-02-21,8
838,2004-03-16,7
839,1999-08-17,5
839,2000-06-30,5
839,2001-08-31,3
839,2003-02-13,3
839,2004-05-12,3
840,1999-07-08,7
840,2001-03-14,7
840,2002-04-07,7
840,2003-02-21,7
840,2004-02-27,7
841,1999-06-20,3
841,2000-11-03,3
841,2001-10-16,3
841,2003-05-10,3
841,2004-01-06,3
842,1999-06-01,5
842,2000-06-22,5
842,2001-08-26,5
842,2002-05-23,5
842,2003-08-02,4
843,2000-03-29,4
843,2000-10-22,4
843,2002-01-23,3
843,2003-05-14,3
843,2004-01-26,3
844,2000-01-02,8
844,2000-12-04,8
844,2001-09-09,8
844,2002-06-10,8
844,2003-06-30,8
845,1999-06-11,2
845,2001-03-13,2
845,2002-05-06,2
845,2002-07-07,2
845,2003-09-02,2
846,1999-11-12,8
846,2001-01-02,8
846,2002-03-21,8
846,2003-02-07,1
846,2003-10-19,2
847,1999-08-12,5
847,2000-06-01,5
847,2001-05-27,3
847,2003-01-28,3
847,2003-06-16,3
848,1999-12-06,2
848,2001-03-24,2
848,2002-03-04,2
848,2003-01-26,2
848,2003-07-07,2
849,1999-06-04,4
849,2000-10-08,4
849,2002-01-19,3
849,2003-03-15,4
849,2003-08-17,3
850,1999-07-03,1
850,2000-12-26,1
850,2001-10-15,1
850,2002-07-04,1
850,2003-05-21,1
851,2000-02-18,5
851,2000-08-27,5
851,2002-04-03,5
851,2002-11-19,5
851,2004-02-26,5
852,2000-01-12,5
852,2000-08-15,5
852,2002-01-05,5
852,2003-01-10,5
852,2003-10-27,5
853,2000-04-23,3
853,2000-07-28,3
853,2001-05-23,3
853,2003-01-01,3
853,2003-12-20,3
854,2000-04-28,0
854,2001-04-15,0
854,2001-06-09,0
854,2002-11-14,0
854,2003-11-02,0
855,2000-04-26,1
855,2000-11-24,1
855,2001-12-28,1
855,2002-12-08,1
855,2004-04-30,1
856,1999-06-21,0
856,2000-08-31,0
856,2001-10-14,0
856,2002-08-20,0
856,2004-01-23,0
857,1999-06-17,7
857,2001-05-05,7
857,2001-09-16,7
857,2002-09-07,7
857,2003-05-22,7
858,2000-04-20,7
858,2000-11-29,7
858,2002-03-24,7
858,2002-10-04,7
858,2003-09-17,7
859,1999-06-13,1
859,2000-12-06,1
859,2001-11-20,1
859,2003-01-29,8
859,2004-04-18,8
860,2000-05-03,5
860,2001-05-03,3
860,2001-07-04,3
860,2002-09-01,3
860,2003-10-23,3
861,2000-04-14,4
861,2000-08-18,4
861,2002-02-17,8
861,2002-05-25,8
861,2004-02-09,8
862,1999-07-05,7
862,2000-08-13,7
862,2002-02-25,7
862,2003-01-01,7
862,2004-01-10,7
863,2000-01-28,7
863,2000-10-04,7
863,2002-05-08,7
863,2002-06-17,7
863,2003-06-17,7
864,1999-06-30,4
864,2000-06-08,4
864,2002-03-06,3
864,2002-07-26,3
864,2003-08-07,3
865,1999-10-02,4
865,2000-11-27,4
865,2001-05-24,3
865,2002-06-12,4
865,2004-03-23,5
866,1999-12-29,0
866,2000-06-17,0
866,2002-05-15,0
866,2002-12-05,8
866,2003-07-18,8
867,1999-12-20,0
867,2001-03-30,0
867,2001-10-22,0
867,2003-05-11,0
867,2003-07-27,0
868,1999-08-23,5
868,2000-09-12,3
868,2001-12-30,3
868,2002-09-01,4
868,2003-12-09,4
869,2000-03-17,3
869,2001-04-11,3
869,2002-04-17,3
869,2003-02-23,3
869,2003-09-19,3
870,2000-03-22,1
870,2000-06-19,1
870,2001-09-13,1
870,2003-02-14,1
870,2003-10-16,1
871,1999-11-01,1
871,2001-01-09,8
871,2001-08-21,8
871,2003-01-24,8
871,2003-09-27,8
872,1999-07-05,8
872,2001-02-06,8
872,2001-06-05,8
872,2002-07-14,8
872,2003-09-02,8
873,1999-05-24,0
873,2000-06-26,0
873,2001-12-14,0
873,2002-08-27,0
873,2004-04-29,8
874,1999-12-12,5
874,2000-12-04,5
874,2001-11-02,5
874,2003-04-25,5
874,2003-08-02,5
875,1999-07-20,7
875,2001-02-20,7
875,2001-10-21,7
875,2002-10-29,7
875,2004-02-28,7
876,2000-04-26,0
876,2001-05-08,0
876,2002-04-25,0
876,2003-04-02,0
876,2003-12-19,0
877,1999-10-07,4
877,2001-03-15,4
877,2002-04-11,8
877,2002-07-28,8
877,2004-03-17,8
878,1999-06-30,3
878,2000-08-23,3
878,2002-03-20,3
878,2002-07-26,4
878,2003-12-04,4
879,1999-11-26,2
879,2000-08-13,2
879,2002-05-19,2
879,2003-02-25,2
879,2004-02-05,2
880,1999-10-24,4
880,2000-07-22,4
880,2002-01-12,4
880,2002-08-31,5
880,2003-11-16,5
881,1999-07-12,7
881,2000-09-19,7
881,2002-01-13,7
881,2003-04-18,7
881,2004-04-29,7
882,1999-10-12,2
882,2000-08-10,2
882,2001-08-18,2
882,2003-05-04,2
882,2004-03-08,2
883,1999-11-21,3
883,2000-08-24,3
883,2001-07-27,3
883,2003-01-11,3
883,2003-12-30,3
884,1999-11-08,3
884,2000-06-07,5
884,2001-11-07,5
884,2002-08-13,5
884,2004-05-03,5
885,1999-09-20,3
885,2000-09-18,3
885,2002-05-17,4
885,2003-01-12,4
885,2003-09-28,4
886,1999-07-12,2
886,2000-12-03,2
886,2002-04-13,2
886,2003-01-13,2
886,2004-04-26,2
887,1999-11-30,0
887,2000-05-27,0
887,2002-01-29,0
887,2002-07-26,0
887,2003-05-30,0
888,1999-12-25,7
888,2000-06-09,7
888,2001-12-17,7
888,2003-02-06,7
888,2003-07-23,7
889,1999-09-15,1
889,2000-10-06,1
889,2001-06-05,1
889,2002-12-04,1
889,2003-05-25,1
890,2000-03-16,7
890,2000-09-16,7
890,2002-01-23,7
890,2003-04-09,7
890,2003-08-10,7
891,2000-01-09,7
891,2000-11-25,7
891,2001-09-03,7
891,2002-06-28,7
891,2004-02-02,7
892,2000-03-20,8
892,2000-10-18,8
892,2002-02-15,8
892,2003-03-05,8
892,2003-06-30,8
893,2000-03-04,1
893,2001-05-07,1
893,2001-09-20,1
893,2003-01-31,1
893,2004-05-10,1
894,1999-10-26,8
894,2000-07-09,8
894,2001-08-26,8
894,2003-04-24,8
894,2003-09-17,8
895,2000-04-04,7
895,2000-12-03,7
895,2001-07-21,7
895,2003-05-12,7
895,2003-11-24,7
896,1999-12-03,2
896,2001-01-23,2
896,2001-07-28,2
896,2002-10-18,2
896,2004-02-18,2
897,2000-02-26,4
897,2001-01-26,4
897,2001-09-10,4
897,2002-09-19,4
897,2004-05-15,4
898,1999-06-18,6
898,2000-11-19,6
898,2002-02-13,5
898,2003-03-26,8
898,2003-12-18,8
899,1999-09-22,1
899,2001-01-16,1
899,2001-07-15,1
899,2002-10-02,1
899,2004-04-29,1
900,1999-11-29,4
900,2000-12-20,4
900,2001-11-17,5
900,2003-04-19,5
900,2003-10-03,6
901,1999-11-18,5
901,2000-09-09,8
901,2001-06-15,8
901,2002-08-01,8
901,2003-09-19,8
902,1999-11-21,3
902,2001-01-16,8
902,2001-11-30,8
902,2002-07-31,8
902,2003-12-14,8
903,1999-11-03,7
903,2000-05-25,7
903,2001-07-06,7
903,2002-10-25,7
903,2003-07-26,7
904,2000-01-22,4
904,2000-09-13,4
904,2002-03-31,8
904,2003-04-07,8
904,2003-07-05,8
905,1999-07-08,8
905,2000-11-15,8
905,2001-06-28,8
905,2002-08-20,8
905,2004-05-10,8
906,1999-12-22,8
906,2000-11-22,8
906,2001-09-04,8
906,2002-09-02,8
906,2003-09-20,8
907,2000-03-17,2
907,2000-06-02,2
907,2001-10-10,2
907,2002-11-19,2
907,2003-11-30,2
908,1999-06-06,0
908,2001-02-23,0
908,2002-01-17,8
908,2002-05-22,8
908,2004-04-08,8
909,1999-09-17,3
909,2000-10-14,3
909,2001-06-29,3
909,2002-12-09,3
909,2004-04-07,3
910,1999-09-25,0
910,2001-02-21,0
910,2001-10-01,0
910,2003-02-27,0
910,2004-03-12,0
911,2000-01-28,2
911,2001-03-02,2
911,2001-07-24,2
911,2003-05-03,2
911,2004-02-04,2
912,1999-08-09,7
912,2000-11-03,7
912,2001-08-08,7
912,2003-03-29,7
912,2003-07-10,7
913,2000-02-05,4
913,2000-11-30,4
913,2002-01-10,8
913,2003-05-17,8
913,2004-05-04,8
914,1999-10-05,1
914,2001-03-07,1
914,2001-11-06,1
914,2003-01-11,1
914,2003-10-30,1
915,2000-02-17,0
915,2000-10-29,0
915,2001-07-18,0
915,2002-10-01,0
915,2004-04-26,8
916,1999-05-27,5
916,2000-09-02,5
916,2002-04-24,6
916,2003-01-06,6
916,2004-01-20,6
917,1999-09-07,7
917,2001-04-27,7
917,2002-04-11,7
917,2002-12-23,7
917,2003-09-28,7
918,1999-08-21,6
918,2001-02-24,6
918,2001-08-24,6
918,2002-05-31,7
918,2003-08-22,7
919,1999-07-04,1
919,2000-08-08,1
919,2002-01-21,1
919,2003-02-01,1
919,2003-06-23,1
920,1999-06-18,0
920,2000-07-05,0
920,2001-10-02,0
920,2002-09-01,0
920,2003-09-30,0
921,1999-12-19,8
921,2000-11-25,8
921,2001-11-08,8
921,2003-02-03,8
921,2004-04-11,8
922,2000-01-14,7
922,2000-08-19,7
922,2001-08-19,7
922,2002-08-31,7
922,2004-03-11,7
923,1999-09-19,8
923,2001-02-01,8
923,2001-09-24,8
923,2003-05-13,8
923,2003-11-02,8
924,1999-07-15,4
924,2000-09-06,4
924,2001-12-23,4
924,2003-01-10,3
924,2004-02-22,3
925,1999-11-18,8
925,2001-04-18,8
925,2001-10-01,8
925,2002-06-26,8
925,2003-12-10,8
926,1999-06-14,2
926,2000-07-14,1
926,2001-07-20,8
926,2003-02-21,8
926,2003-10-24,8
927,2000-01-23,0
927,2001-04-01,0
927,2001-11-25,8
927,2003-03-08,8
927,2004-05-11,8
928,1999-07-20,3
928,2001-05-01,3
928,2001-08-25,3
928,2003-03-22,3
928,2003-07-04,3
929,2000-01-06,5
929,2001-02-23,5
929,2001-06-30,5
929,2003-03-23,5
929,2003-08-31,8
930,1999-11-09,7
930,2000-09-24,7
930,2002-05-07,7
930,2003-02-01,7
930,2004-02-16,7
931,1999-08-03,7
931,2001-03-11,7
931,2001-08-18,7
931,2003-01-02,7
931,2003-06-05,7
932,2000-04-05,7
932,2000-12-13,7
932,2002-02-08,7
932,2002-06-03,7
932,2003-06-17,7
933,2000-01-21,5
933,2001-04-05,5
933,2001-07-12,3
933,2002-08-15,3
933,2003-12-06,4
934,1999-06-20,3
934,2000-10-22,2
934,2001-10-10,3
934,2003-03-28,3
934,2003-08-15,2
935,2000-04-22,5
935,2001-04-16,5
935,2001-09-10,5
935,2003-04-28,5
935,2003-10-07,5
936,1999-09-04,2
936,2001-04-16,2
936,2001-07-18,2
936,2002-08-29,2
936,2003-12-27,2
937,1999-06-20,6
937,2000-11-08,6
937,2001-09-14,6
937,2002-07-03,6
937,2003-12-08,6
938,1999-12-23,2
938,2001-04-12,1
938,2002-03-13,1
938,2003-05-08,1
938,2004-01-23,1
939,1999-08-01,6
939,2000-10-03,6
939,2002-03-09,6
939,2002-08-26,6
939,2004-01-05,6
940,2000-01-05,3
940,2001-03-11,2
940,2001-11-04,8
940,2002-11-19,8
940,2003-08-03,8
941,2000-05-12,5
941,2000-07-06,5
941,2001-07-28,5
941,2003-04-23,5
941,2003-12-09,5
942,1999-12-20,2
942,2000-08-08,2
942,2002-01-22,2
942,2002-08-28,3
942,2004-04-29,3
943,1999-06-21,5
943,2000-10-04,5
943,2001-12-17,5
943,2003-03-29,5
943,2003-08-10,5
944,2000-02-17,7
944,2000-10-31,7
944,2002-01-19,7
944,2002-11-06,7
944,2003-09-17,7
945,1999-11-16,7
945,2001-03-21,7
945,2001-07-04,7
945,2002-12-14,7
945,2003-10-30,7
946,1999-07-14,8
946,2000-07-16,8
946,2001-07-21,8
946,2002-06-04,8
946,2004-02-22,8
947,1999-08-28,3
947,2001-02-04,3
947,2001-07-25,3
947,2003-03-19,3
947,2003-12-01,4
948,2000-05-11,6
948,2000-11-28,6
948,2001-08-24,6
948,2003-02-02,6
948,2004-02-02,8
949,2000-03-22,6
949,2000-06-05,8
949,2001-08-03,8
949,2003-04-25,8
949,2003-07-15,8
950,1999-08-12,3
950,2000-10-22,3
950,2001-07-22,3
950,2003-04-11,3
950,2003-08-26,3
951,2000-02-28,1
951,2001-01-02,1
951,2001-11-18,1
951,2002-07-29,1
951,2003-08-28,1
952,1999-06-25,3
952,2000-10-28,3
952,2001-09-26,3
952,2002-10-29,3
952,2003-10-26,3
953,1999-06-04,4
953,2001-04-09,4
953,2002-02-21,4
953,2003-02-10,8
953,2004-01-26,8
954,2000-03-29,8
954,2000-10-23,8
954,2001-10-12,8
954,2003-01-13,8
954,2003-06-26,8
955,1999-06-16,1
955,2000-09-10,1
955,2001-08-29,1
955,2002-10-17,1
955,2004-01-06,2
956,1999-07-11,2
956,2001-03-10,2
956,2001-10-12,2
956,2003-01-01,2
956,2003-10-08,8
957,1999-09-25,0
957,2000-07-20,0
957,2002-01-16,0
957,2002-10-13,0
957,2004-04-21,0
958,1999-12-10,1
958,2000-07-06,2
958,2001-10-15,2
958,2002-07-10,2
958,2004-01-31,2
959,1999-09-05,6
959,2000-09-22,7
959,2001-08-11,7
959,2002-09-19,7
959,2004-05-13,7
960,2000-05-02,2
960,2000-11-12,2
960,2002-03-17,1
960,2002-06-13,8
960,2004-02-28,8
961,1999-12-11,1
961,2000-05-26,1
961,2002-05-16,1
961,2002-05-25,1
961,2003-07-30,1
962,2000-02-25,4
962,2001-02-13,4
962,2001-08-19,4
962,2003-02-20,4
962,2003-12-03,4
963,2000-01-10,0
963,2000-09-03,0
963,2002-02-26,0
963,2002-09-27,0
963,2003-09-22,0
964,2000-02-18,6
964,2000-07-08,8
964,2001-07-13,8
964,2002-07-11,8
964,2004-03-30,8
965,1999-08-08,4
965,2001-03-11,3
965,2001-07-31,3
965,2002-09-19,3
965,2003-10-29,3
966,1999-07-03,8
966,2001-04-13,8
966,2001-10-31,8
966,2003-04-22,8
966,2003-11-24,8
967,1999-12-01,5
967,2000-09-08,5
967,2001-06-03,6
967,2003-05-15,8
967,2003-09-06,8
968,2000-05-08,3
968,2000-10-27,3
968,2001-08-11,4
968,2002-07-28,4
968,2003-07-18,4
969,1999-08-04,7
969,2001-01-17,7
969,2001-08-16,7
969,2002-11-21,7
969,2003-06-30,7
970,1999-07-09,3
970,2001-05-04,3
970,2001-08-10,3
970,2002-10-08,3
970,2003-08-01,3
971,1999-05-28,4
971,2001-05-04,4
971,2002-02-13,4
971,2003-03-16,4
971,2003-11-06,4
972,2000-04-13,3
972,2001-01-13,3
972,2001-06-30,3
972,2002-12-30,3
972,2003-09-09,3
973,1999-06-25,3
973,2000-09-17,3
973,2002-03-21,3
973,2002-10-06,3
973,2004-03-23,3
974,1999-11-05,6
974,2001-05-06,6
974,2002-05-17,7
974,2003-05-08,7
974,2003-11-25,7
975,1999-10-24,5
975,2000-05-27,5
975,2001-08-07,5
975,2002-11-10,5
975,2003-12-16,5
976,2000-03-26,6
976,2000-12-04,6
976,2001-09-02,5
976,2003-03-29,5
976,2004-04-29,5
977,2000-01-22,4
977,2000-12-22,5
977,2001-11-22,5
977,2003-01-05,5
977,2003-07-28,5
978,2000-02-04,8
978,2001-03-08,6
978,2002-02-19,8
978,2002-07-22,8
978,2003-09-04,8
979,1999-09-27,3
979,2000-09-01,3
979,2001-06-10,3
979,2003-04-06,3
979,2004-03-22,3
980,2000-03-18,3
980,2001-01-12,3
980,2002-04-27,8
980,2003-01-04,8
980,2003-11-03,8
981,2000-01-28,7
981,2001-05-17,7
981,2002-04-23,7
981,2003-02-12,7
981,2003-09-30,7
982,2000-01-28,3
982,2000-05-21,3
982,2002-04-07,3
982,2002-08-19,3
982,2003-06-05,3
983,2000-04-29,1
983,2001-03-25,1
983,2001-08-24,1
983,2002-09-23,1
983,2003-09-20,1
984,1999-05-26,3
984,2000-11-12,3
984,2002-05-12,3
984,2002-08-04,8
984,2003-12-03,8
985,1999-12-18,4
985,2000-12-25,4
985,2002-02-19,5
985,2002-07-20,5
985,2004-01-19,5
986,2000-03-02,5
986,2001-03-23,5
986,2001-06-04,5
986,2002-07-04,8
986,2003-06-15,8
987,2000-01-10,3
987,2001-04-29,3
987,2001-06-24,3
987,2002-08-13,3
987,2003-10-03,2
988,2000-02-01,3
988,2001-04-01,3
988,2002-05-15,3
988,2002-08-06,3
988,2003-12-05,3
989,1999-12-03,1
989,2000-08-19,1
989,2001-12-16,1
989,2002-10-18,1
989,2003-12-16,2
990,1999-10-17,2
990,2001-02-07,2
990,2001-11-10,2
990,2002-07-07,2
990,2004-03-03,2
991,2000-05-19,2
991,2000-10-19,2
991,2002-01-14,2
991,2002-12-05,8
991,2003-12-26,8
992,1999-05-25,3
992,2000-07-21,3
992,2002-04-16,3
992,2003-02-18,4
992,2003-12-30,4
993,2000-02-19,8
993,2000-11-10,8
993,2001-10-24,8
993,2002-10-04,8
993,2004-02-27,8
994,1999-05-25,4
994,2000-09-29,7
994,2001-12-03,7
994,2003-01-05,7
994,2004-01-06,7
995,2000-02-25,0
995,2001-02-24,0
995,2002-05-10,0
995,2002-10-11,0
995,2003-12-10,0
996,2000-04-08,3
996,2000-07-07,3
996,2001-10-13,3
996,2002-09-07,3
996,2004-01-26,3
997,1999-07-01,2
997,2001-03-29,2
997,2002-01-23,2
997,2003-01-21,2
997,2004-01-23,2
998,1999-06-13,7
998,2000-06-09,7
998,2002-01-30,7
998,2002-11-05,7
998,2003-12-11,7
999,1999-12-04,4
999,2000-10-24,8
999,2002-02-12,8
999,2003-04-30,8
999,2004-04-26,8
1000,1999-10-17,5
1000,2000-06-28,8
1000,2001-10-04,8
1000,2002-07-23,8
1000,2003-07-22,8
1001,1999-12-22,4
1001,2000-09-06,6
1001,2001-11-21,8
1001,2002-09-04,8
1001,2004-01-09,8
1002,2000-02-14,4
1002,2001-04-01,4
1002,2001-07-03,4
1002,2003-02-21,3
1002,2003-06-20,3
1003,1999-10-03,3
1003,2000-12-23,2
1003,2001-12-22,2
1003,2002-12-29,2
1003,2004-02-27,2
1004,2000-04-04,6
1004,2000-12-03,6
1004,2001-11-29,6
1004,2003-04-26,7
1004,2004-01-07,7
1005,2000-04-27,0
1005,2001-05-13,0
1005,2002-04-06,0
1005,2003-01-01,0
1005,2003-11-03,0
1006,2000-04-16,3
1006,2001-05-17,3
1006,2001-06-17,3
1006,2003-03-31,3
1006,2003-10-10,3
1007,1999-12-31,5
1007,2001-02-17,5
1007,2001-09-13,6
1007,2003-01-04,8
1007,2003-05-31,8
1008,1999-12-06,2
1008,2000-06-06,8
1008,2002-04-06,8
1008,2002-05-24,8
1008,2003-09-05,8
1009,1999-11-16,1
1009,2001-01-11,1
1009,2001-09-14,1
1009,2002-10-25,1
1009,2004-03-02,1
1010,1999-12-18,0
1010,2001-02-06,0
1010,2001-11-07,0
1010,2003-02-21,0
1010,2003-07-28,0
1011,2000-02-10,4
1011,2001-02-19,4
1011,2001-11-20,4
1011,2002-07-19,4
1011,2003-07-07,4
1012,2000-01-16,5
1012,2000-11-05,8
1012,2001-11-18,8
1012,2002-10-06,8
1012,2004-01-19,8
1013,2000-02-04,4
1013,2000-07-18,4
1013,2001-09-26,4
1013,2002-06-09,4
1013,2003-08-20,4
1014,1999-08-12,2
1014,2000-09-28,2
1014,2002-01-29,2
1014,2003-02-09,2
1014,2004-02-13,2
1015,2000-04-02,4
1015,2001-04-09,4
1015,2001-12-31,4
1015,2002-07-29,4
1015,2004-04-04,7
1016,1999-07-23,4
1016,2001-05-18,4
1016,2002-03-29,4
1016,2002-07-10,5
1016,2003-07-18,5
1017,1999-08-11,1
1017,2000-06-11,1
1017,2001-09-24,1
1017,2003-05-11,1
1017,2003-07-09,1
1018,1999-09-24,0
1018,2000-11-30,0
1018,2001-12-02,0
1018,2002-10-14,0
1018,2004-01-02,0
1019,1999-12-26,7
1019,2001-04-14,7
1019,2002-04-28,7
1019,2002-10-16,7
1019,2004-03-24,7
1020,2000-05-10,8
1020,2000-10-23,8
1020,2002-01-03,8
1020,2003-05-04,8
1020,2003-11-11,8
1021,2000-02-18,8
1021,2001-02-26,8
1021,2002-02-25,8
1021,2002-08-15,8
1021,2004-01-31,8
1022,2000-04-02,7
1022,2001-05-09,7
1022,2001-11-27,7
1022,2002-05-21,7
1022,2003-10-20,7
1023,1999-09-22,4
1023,2000-12-09,4
1023,2001-07-04,8
1023,2003-03-07,8
1023,2003-05-21,8
1024,1999-07-20,5
1024,2001-01-19,7
1024,2001-10-08,7
1024,2002-10-19,7
1024,2004-02-03,7
1025,1999-09-05,3
1025,2000-07-22,4
1025,2001-09-14,4
1025,2002-11-30,3
1025,2003-05-29,3
1026,1999-09-28,0
1026,2000-05-24,0
1026,2002-04-26,0
1026,2002-12-21,0
1026,2003-07-01,0
1027,2000-03-01,8
1027,2001-03-15,8
1027,2002-05-12,8
1027,2003-02-05,8
1027,2004-01-22,8
1028,2000-05-16,8
1028,2000-06-23,8
1028,2001-05-21,8
1028,2003-04-27,8
1028,2003-07-07,8
1029,2000-03-10,8
1029,2001-03-26,8
1029,2001-07-05,8
1029,2002-12-31,8
1029,2003-09-03,8
1030,1999-08-20,2
1030,2000-08-15,2
1030,2001-09-08,2
1030,2002-06-03,2
1030,2003-10-10,2
1031,2000-03-23,0
1031,2001-05-12,0
1031,2001-10-05,0
1031,2002-07-25,0
1031,2004-02-03,0
1032,1999-07-14,1
1032,2001-04-09,1
1032,2001-06-06,1
1032,2002-06-09,1
1032,2003-08-10,1
1033,2000-03-06,3
1033,2001-05-14,3
1033,2002-02-16,3
1033,2003-05-14,3
1033,2004-04-05,3
1034,2000-05-07,5
1034,2001-03-12,6
1034,2002-01-26,8
1034,2003-05-06,8
1034,2004-03-26,8
1035,2000-02-01,2
1035,2000-05-26,2
1035,2002-03-21,2
1035,2002-10-06,2
1035,2003-11-03,2
1036,2000-01-12,4
1036,2000-10-28,4
1036,2001-12-14,8
1036,2002-11-16,8
1036,2004-05-07,8
1037,1999-07-11,5
1037,2000-08-26,6
1037,2001-08-09,6
1037,2002-09-07,5
1037,2003-07-25,5
1038,2000-04-19,8
1038,2000-11-06,1
1038,2002-03-14,2
1038,2003-03-02,2
1038,2003-09-13,2
1039,2000-01-29,5
1039,2000-10-04,5
1039,2002-03-21,5
1039,2002-07-04,6
1039,2004-03-07,6
1040,2000-01-25,2
1040,2000-10-20,2
1040,2002-04-09,2
1040,2003-03-12,2
1040,2004-05-01,2
1041,1999-11-07,0
1041,2000-10-21,0
1041,2002-04-29,0
1041,2002-12-15,0
1041,2003-06-04,0
1042,2000-03-15,6
1042,2000-10-19,7
1042,2001-07-10,7
1042,2002-06-22,7
1042,2003-09-29,7
1043,1999-08-14,2
1043,2000-07-20,2
1043,2001-07-18,2
1043,2003-04-21,2
1043,2004-04-21,8
1044,2000-04-30,8
1044,2000-10-20,8
1044,2001-07-02,8
1044,2003-03-18,8
1044,2004-05-05,8
1045,1999-06-27,3
1045,2000-12-30,3
1045,2002-03-20,3
1045,2002-12-19,3
1045,2004-01-28,3
1046,1999-10-25,2
1046,2001-03-16,3
1046,2001-11-14,3
1046,2003-02-04,3
1046,2003-06-17,3
1047,2000-04-01,8
1047,2000-09-24,8
1047,2001-10-02,8
1047,2003-03-05,8
1047,2003-12-27,8
1048,2000-01-03,1
1048,2001-03-28,1
1048,2001-12-29,1
1048,2003-01-21,1
1048,2003-06-15,1
1049,2000-03-26,2
1049,2000-11-13,2
1049,2002-01-28,2
1049,2002-11-10,2
1049,2003-06-11,2
1050,2000-04-01,8
1050,2000-09-13,8
1050,2002-03-20,8
1050,2002-12-12,8
1050,2003-07-13,8
1051,1999-09-10,7
1051,2001-04-21,7
1051,2001-11-18,7
1051,2002-09-08,7
1051,2003-07-09,7
1052,1999-09-27,5
1052,2000-12-31,5
1052,2002-01-28,4
1052,2002-10-21,4
1052,2003-07-07,4
1053,1999-07-26,3
1053,2000-07-26,3
1053,2001-11-16,3
1053,2002-09-19,3
1053,2003-10-17,2
1054,1999-09-14,8
1054,2001-03-22,8
1054,2002-01-27,8
1054,2002-11-28,8
1054,2003-09-06,4
1055,1999-09-03,4
1055,2000-12-25,4
1055,2001-08-04,4
1055,2003-01-01,3
1055,2004-03-24,3
1056,1999-07-29,6
1056,2001-03-10,7
1056,2002-03-24,7
1056,2003-05-01,7
1056,2004-04-20,7
1057,1999-12-04,3
1057,2001-02-28,2
1057,2002-02-20,2
1057,2002-10-29,2
1057,2004-05-15,2
1058,1999-06-16,4
1058,2000-05-23,4
1058,2001-11-27,4
1058,2002-08-12,4
1058,2003-07-03,4
1059,2000-03-16,7
1059,2001-04-08,7
1059,2001-10-20,7
1059,2002-11-29,7
1059,2003-12-16,7
1060,2000-04-18,3
1060,2001-03-23,3
1060,2001-09-27,2
1060,2002-08-07,2
1060,2003-06-07,2
1061,1999-10-22,0
1061,2001-01-21,0
1061,2001-12-10,0
1061,2003-04-03,0
1061,2004-02-13,0
1062,1999-12-28,0
1062,2001-02-18,0
1062,2001-07-10,0
1062,2003-04-29,0
1062,2003-08-20,0
1063,2000-04-24,2
1063,2000-05-21,2
1063,2002-04-20,2
1063,2003-01-17,2
1063,2003-09-09,2
1064,1999-11-06,4
1064,2000-06-21,4
1064,2002-01-08,4
1064,2003-04-08,8
1064,2003-08-05,8
1065,1999-06-12,3
1065,2000-07-29,3
1065,2002-05-08,3
1065,2002-06-14,3
1065,2004-01-17,3
1066,1999-10-04,1
1066,2000-12-08,1
1066,2001-09-25,1
1066,2002-10-06,8
1066,2003-11-12,8
1067,1999-11-08,1
1067,2001-03-22,1
1067,2001-06-28,2
1067,2002-10-11,2
1067,2004-01-06,2
1068,1999-12-12,5
1068,2001-02-16,5
1068,2002-03-08,5
1068,2003-04-05,5
1068,2003-07-21,5
1069,1999-09-24,8
1069,2000-09-01,8
1069,2001-11-17,8
1069,2003-04-25,8
1069,2003-10-07,8
1070,1999-09-21,0
1070,2000-06-29,0
1070,2001-08-08,0
1070,2003-02-19,0
1070,2003-07-28,0
1071,1999-10-18,0
1071,2000-08-09,0
1071,2001-11-19,0
1071,2002-07-21,0
1071,2004-04-19,0
1072,1999-09-28,1
1072,2000-10-24,1
1072,2002-01-10,1
1072,2002-12-11,1
1072,2003-12-06,1
1073,2000-01-16,3
1073,2001-03-05,4
1073,2001-12-20,4
1073,2003-01-27,4
1073,2003-09-19,4
1074,2000-04-10,6
1074,2001-03-13,3
1074,2001-06-22,3
1074,2003-04-24,3
1074,2003-10-29,3
1075,1999-07-13,3
1075,2000-09-03,3
1075,2001-08-17,3
1075,2002-05-30,3
1075,2003-09-24,3
1076,1999-12-07,8
1076,2000-09-22,8
1076,2001-06-22,8
1076,2002-05-20,8
1076,2003-10-24,8
1077,1999-11-25,0
1077,2001-03-15,0
1077,2001-07-10,0
1077,2003-03-16,0
1077,2003-09-17,0
1078,1999-11-12,5
1078,2001-02-24,5
1078,2001-12-03,5
1078,2002-09-21,8
1078,2003-07-23,8
1079,1999-06-10,3
1079,2001-01-17,3
1079,2002-04-12,3
1079,2002-11-20,3
1079,2003-05-26,3
1080,1999-11-09,6
1080,2000-07-25,6
1080,2001-06-21,6
1080,2003-01-13,6
1080,2004-03-08,5
1081,2000-04-08,8
1081,2001-05-02,8
1081,2002-05-12,8
1081,2002-11-11,8
1081,2004-02-10,8
1082,1999-07-18,8
1082,2001-04-25,8
1082,2001-07-01,8
1082,2003-02-08,8
1082,2003-10-28,8
1083,1999-08-28,0
1083,2001-04-11,0
1083,2002-04-24,0
1083,2003-04-20,0
1083,2004-04-02,0
1084,2000-03-25,8
1084,2001-04-30,8
1084,2001-06-13,8
1084,2003-01-01,8
1084,2003-10-19,8
1085,1999-11-03,3
1085,2001-02-11,3
1085,2001-10-02,4
1085,2002-10-21,8
1085,2003-09-15,8
1086,1999-08-04,1
1086,2001-04-21,1
1086,2002-05-08,1
1086,2003-01-22,1
1086,2003-06-11,1
1087,2000-02-04,3
1087,2000-10-22,3
1087,2001-10-01,3
1087,2002-07-21,3
1087,2003-11-20,4
1088,1999-12-30,6
1088,2000-07-27,6
1088,2001-08-06,7
1088,2002-09-03,7
1088,2003-07-10,7
1089,2000-04-12,1
1089,2000-12-01,1
1089,2002-04-19,1
1089,2003-01-13,1
1089,2003-12-17,2
1090,1999-08-01,8
1090,2000-06-14,8
1090,2002-05-17,8
1090,2003-01-02,8
1090,2003-10-11,8
1091,1999-08-07,3
1091,2000-08-09,3
1091,2002-01-06,3
1091,2003-03-08,3
1091,2003-10-22,3
1092,1999-07-04,6
1092,2001-01-05,6
1092,2002-01-18,6
1092,2003-02-14,6
1092,2003-09-17,8
1093,1999-09-16,8
1093,2000-12-11,8
1093,2001-11-14,8
1093,2002-08-12,8
1093,2004-01-12,8
1094,1999-12-27,5
1094,2001-04-10,4
1094,2001-11-16,3
1094,2002-12-01,4
1094,2003-11-05,4
1095,1999-07-08,4
1095,2000-10-19,4
1095,2001-08-17,4
1095,2003-05-17,4
1095,2004-01-09,2
1096,1999-05-26,2
1096,2001-04-25,3
1096,2001-06-04,5
1096,2003-04-13,5
1096,2004-04-14,6
1097,1999-12-20,1
1097,2000-10-07,1
1097,2001-12-31,1
1097,2003-03-07,2
1097,2003-09-19,2
1098,1999-11-15,6
1098,2000-12-25,6
1098,2001-10-21,6
1098,2002-11-09,5
1098,2003-06-16,8
1099,2000-03-28,5
1099,2000-08-05,6
1099,2002-04-12,7
1099,2003-02-02,7
1099,2003-12-06,7
1100,2000-03-14,8
1100,2000-12-23,8
1100,2001-06-09,8
1100,2003-02-23,8
1100,2004-05-10,8
1101,1999-06-15,3
1101,2001-05-15,8
1101,2002-04-25,8
1101,2002-12-20,8
1101,2003-07-04,8
1102,2000-04-18,3
1102,2001-01-17,3
1102,2002-03-19,3
1102,2003-02-28,8
1102,2004-01-09,8
1103,1999-08-10,2
1103,2001-01-27,2
1103,2002-03-27,2
1103,2002-08-17,2
1103,2004-03-23,2
1104,1999-11-25,0
1104,2000-05-27,0
1104,2001-05-23,0
1104,2003-05-10,0
1104,2003-10-30,0
1105,2000-04-22,2
1105,2000-06-29,2
1105,2002-02-27,2
1105,2002-09-04,2
1105,2003-11-16,2
1106,1999-09-11,7
1106,2000-09-25,7
1106,2002-05-02,7
1106,2002-08-11,7
1106,2003-11-06,7
1107,1999-10-08,3
1107,2000-12-18,3
1107,2001-06-19,3
1107,2002-07-15,3
1107,2004-02-10,3
1108,1999-09-13,4
1108,2000-08-26,3
1108,2001-09-19,3
1108,2002-12-23,3
1108,2003-09-01,3
1109,2000-01-18,3
1109,2000-10-12,3
1109,2001-08-17,3
1109,2002-12-12,3
1109,2003-12-30,3
1110,2000-02-03,6
1110,2000-06-27,6
1110,2001-11-05,5
1110,2002-11-06,3
1110,2004-02-24,3
1111,1999-10-11,8
1111,2000-08-17,8
1111,2001-08-15,8
1111,2002-11-07,8
1111,2003-09-29,8
1112,2000-05-03,3
1112,2001-05-18,3
1112,2002-01-01,3
1112,2003-01-12,4
1112,2003-07-18,4
1113,2000-04-05,2
1113,2001-03-17,2
1113,2001-07-02,2
1113,2003-02-15,2
1113,2004-05-15,2
1114,1999-08-02,8
1114,2000-07-20,8
1114,2001-05-21,8
1114,2002-11-16,8
1114,2003-05-26,8
1115,1999-10-09,0
1115,2001-01-22,0
1115,2001-11-08,0
1115,2002-10-06,0
1115,2003-12-21,0
1116,1999-11-27,4
1116,2001-01-24,3
1116,2001-12-30,3
1116,2003-01-04,3
1116,2003-10-25,3
1117,1999-09-27,7
1117,2001-01-31,7
1117,2002-01-31,7
1117,2003-01-24,7
1117,2003-11-09,7
1118,2000-01-05,1
1118,2001-03-08,1
1118,2002-01-30,2
1118,2003-02-17,2
1118,2004-01-13,2
1119,1999-09-06,0
1119,2000-07-13,0
1119,2001-06-07,0
1119,2002-11-14,0
1119,2003-09-05,0
1120,1999-09-22,7
1120,2001-03-20,7
1120,2001-08-23,7
1120,2003-02-26,7
1120,2003-06-26,7
1121,1999-11-28,0
1121,2000-08-15,0
1121,2001-07-14,0
1121,2003-04-24,0
1121,2003-11-14,0
1122,1999-09-03,0
1122,2000-10-02,8
1122,2002-01-05,8
1122,2002-08-30,8
1122,2003-06-28,8
1123,2000-04-11,3
1123,2000-07-01,3
1123,2001-06-02,3
1123,2002-09-26,3
1123,2003-07-26,3
1124,1999-08-17,5
1124,2000-11-26,8
1124,2001-07-12,8
1124,2002-10-26,8
1124,2004-02-20,8
1125,2000-03-01,0
1125,2000-07-12,0
1125,2001-10-27,0
1125,2003-01-15,0
1125,2004-01-20,8
1126,2000-02-14,4
1126,2000-08-01,3
1126,2002-03-05,3
1126,2002-08-11,4
1126,2004-02-08,4
1127,2000-04-08,0
1127,2000-11-26,0
1127,2002-03-08,0
1127,2002-07-10,0
1127,2003-10-10,0
1128,1999-05-26,2
1128,2000-05-24,3
1128,2002-01-05,2
1128,2002-06-11,2
1128,2004-03-10,3
1129,2000-03-11,8
1129,2000-12-26,8
1129,2002-04-03,8
1129,2003-03-18,8
1129,2003-10-08,8
1130,1999-09-22,1
1130,2001-03-27,1
1130,2001-12-28,1
1130,2002-09-19,1
1130,2003-05-30,1
1131,2000-04-16,1
1131,2001-05-12,1
1131,2001-11-15,1
1131,2003-03-16,1
1131,2003-10-06,1
1132,1999-10-23,8
1132,2001-04-22,8
1132,2002-04-05,8
1132,2002-08-18,8
1132,2004-03-17,8
1133,1999-12-20,5
1133,2000-12-02,5
1133,2002-03-21,3
1133,2002-12-02,3
1133,2003-06-03,3
1134,1999-06-28,7
1134,2001-02-01,7
1134,2002-01-11,7
1134,2003-03-30,7
1134,2004-04-20,7
1135,1999-08-13,1
1135,2000-11-26,1
1135,2002-02-23,1
1135,2003-02-17,1
1135,2003-06-06,1
1136,1999-06-25,5
1136,2001-03-03,5
1136,2001-08-10,5
1136,2002-05-29,8
1136,2004-05-14,8
1137,1999-09-18,6
1137,2000-09-16,8
1137,2002-04-30,8
1137,2002-10-22,8
1137,2003-08-09,8
1138,1999-11-11,3
1138,2000-06-03,3
1138,2001-07-28,3
1138,2002-11-30,3
1138,2003-09-10,3
1139,2000-02-10,2
1139,2000-06-19,2
1139,2002-03-06,2
1139,2003-04-04,2
1139,2004-03-09,2
1140,2000-05-13,8
1140,2001-02-02,8
1140,2001-07-09,8
1140,2003-02-14,8
1140,2004-02-18,8
1141,2000-05-09,4
1141,2000-07-09,5
1141,2002-03-15,5
1141,2003-03-19,5
1141,2004-01-24,5
1142,2000-04-09,0
1142,2000-09-09,0
1142,2002-01-15,0
1142,2002-07-22,0
1142,2003-08-29,0
1143,1999-09-20,2
1143,2001-01-20,2
1143,2002-02-17,2
1143,2002-07-14,2
1143,2003-11-25,2
1144,1999-09-28,8
1144,2000-12-30,8
1144,2002-01-08,8
1144,2003-05-15,8
1144,2004-04-28,8
1145,2000-05-01,7
1145,2001-02-28,7
1145,2001-10-10,7
1145,2003-01-22,7
1145,2004-01-03,7
1146,2000-03-06,3
1146,2000-07-12,3
1146,2001-07-25,3
1146,2002-08-29,3
1146,2003-11-08,2
1147,2000-03-08,0
1147,2001-02-26,0
1147,2001-07-26,0
1147,2002-08-01,0
1147,2003-12-29,0
1148,1999-06-30,1
1148,2001-02-20,1
1148,2001-08-11,1
1148,2002-07-01,1
1148,2003-09-03,1
1149,1999-10-08,2
1149,2001-03-23,2
1149,2002-02-21,2
1149,2003-03-04,2
1149,2003-11-08,2
1150,1999-12-21,4
1150,2000-06-27,4
1150,2002-01-25,4
1150,2003-02-12,8
1150,2003-07-27,8
1151,2000-05-13,1
1151,2000-07-08,1
1151,2001-08-26,1
1151,2002-07-12,2
1151,2003-08-10,2
1152,2000-05-14,3
1152,2001-05-10,3
1152,2001-10-12,3
1152,2002-10-04,3
1152,2003-10-17,2
1153,2000-03-02,2
1153,2000-10-07,2
1153,2002-04-21,2
1153,2003-01-21,2
1153,2004-01-09,2
1154,1999-08-05,4
1154,2000-07-14,7
1154,2002-03-11,7
1154,2003-01-22,7
1154,2003-09-21,7
1155,1999-06-27,7
1155,2000-07-14,7
1155,2001-09-12,7
1155,2002-07-27,7
1155,2003-05-26,7
1156,1999-11-02,1
1156,2001-05-12,0
1156,2001-09-06,0
1156,2003-02-23,0
1156,2003-07-02,0
1157,2000-04-05,6
1157,2000-05-29,6
1157,2002-05-09,6
1157,2003-03-07,6
1157,2004-04-26,8
1158,1999-12-12,8
1158,2000-10-05,8
1158,2002-03-13,8
1158,2003-02-04,8
1158,2003-11-13,8
1159,1999-09-17,0
1159,2000-12-11,8
1159,2001-08-19,8
1159,2003-02-12,8
1159,2004-02-26,8
1160,1999-06-08,1
1160,2000-07-31,1
1160,2001-07-18,1
1160,2002-06-01,1
1160,2003-11-26,1
1161,1999-05-22,3
1161,2000-10-04,3
1161,2001-11-22,3
1161,2002-11-25,3
1161,2004-02-05,3
1162,1999-11-20,8
1162,2000-07-31,8
1162,2002-01-09,8
1162,2002-12-25,8
1162,2003-12-01,8
1163,2000-03-25,7
1163,2001-04-27,7
1163,2001-10-11,7
1163,2002-06-08,7
1163,2003-09-10,7
1164,1999-08-02,5
1164,2001-01-27,5
1164,2002-01-14,5
1164,2003-05-14,5
1164,2004-03-02,5
1165,2000-03-22,7
1165,2000-09-16,7
1165,2001-07-29,7
1165,2003-05-08,7
1165,2004-01-20,7
1166,1999-08-23,1
1166,2001-02-20,1
1166,2002-04-04,2
1166,2002-10-15,2
1166,2003-10-09,2
1167,1999-09-14,0
1167,2000-10-08,0
1167,2002-03-29,0
1167,2003-05-03,0
1167,2003-08-15,0
1168,1999-10-03,6
1168,2000-09-25,8
1168,2001-06-10,8
1168,2002-08-15,8
1168,2004-03-26,8
1169,1999-10-31,8
1169,2000-11-16,8
1169,2001-06-02,8
1169,2002-06-13,8
1169,2004-01-15,8
1170,1999-08-20,1
1170,2000-06-02,2
1170,2001-12-14,2
1170,2002-08-29,2
1170,2003-06-25,2
1171,1999-08-29,2
1171,2000-06-14,2
1171,2001-12-09,2
1171,2003-01-10,2
1171,2004-05-06,2
1172,1999-11-09,3
1172,2000-12-08,3
1172,2002-04-18,3
1172,2002-12-21,3
1172,2004-02-22,3
1173,2000-01-17,8
1173,2000-08-24,8
1173,2002-03-18,8
1173,2002-08-14,8
1173,2004-04-25,8
1174,2000-04-05,1
1174,2000-07-27,1
1174,2001-07-30,1
1174,2002-09-07,1
1174,2004-01-21,1
1175,2000-02-18,3
1175,2001-01-24,3
1175,2002-03-04,3
1175,2003-02-27,3
1175,2003-05-26,4
1176,1999-07-01,6
1176,2001-02-17,6
1176,2002-01-11,6
1176,2003-04-15,6
1176,2004-04-01,8
1177,1999-06-10,2
1177,2000-06-03,2
1177,2002-02-14,2
1177,2003-02-22,2
1177,2003-08-25,2
1178,2000-02-12,6
1178,2001-04-11,6
1178,2001-11-02,8
1178,2003-03-15,8
1178,2003-07-01,8
1179,1999-09-27,1
1179,2000-11-29,1
1179,2001-08-24,1
1179,2003-03-12,1
1179,2004-04-19,1
1180,1999-06-15,2
1180,2000-05-23,2
1180,2002-02-19,2
1180,2003-03-25,3
1180,2003-08-14,3
1181,2000-03-28,8
1181,2000-07-24,8
1181,2001-08-03,8
1181,2003-03-16,8
1181,2003-07-01,8
1182,1999-12-21,7
1182,2001-05-01,7
1182,2002-05-10,7
1182,2002-08-20,7
1182,2003-09-30,7
1183,1999-12-24,6
1183,2000-10-11,8
1183,2001-11-07,8
1183,2002-09-19,8
1183,2003-07-15,8
1184,1999-12-04,0
1184,2000-10-29,0
1184,2002-04-08,0
1184,2003-02-22,0
1184,2003-09-25,0
1185,2000-03-29,7
1185,2000-06-21,7
1185,2001-10-09,7
1185,2003-01-29,7
1185,2003-12-21,7
1186,1999-09-19,8
1186,2001-01-28,8
1186,2001-08-22,8
1186,2002-10-10,8
1186,2003-07-27,8
1187,2000-05-07,7
1187,2001-04-26,7
1187,2002-01-22,7
1187,2003-05-04,7
1187,2003-12-28,7
1188,1999-06-11,6
1188,2000-10-23,6
1188,2001-11-01,6
1188,2003-01-09,6
1188,2003-09-15,6
1189,1999-07-13,8
1189,2000-09-25,8
1189,2001-11-02,8
1189,2002-07-13,8
1189,2003-12-12,8
1190,1999-09-30,5
1190,2000-09-17,5
1190,2001-11-08,5
1190,2002-08-19,8
1190,2004-02-20,8
1191,1999-11-10,2
1191,2000-05-24,2
1191,2001-08-16,2
1191,2002-07-24,2
1191,2003-08-27,2
1192,1999-06-14,6
1192,2001-01-13,7
1192,2002-03-30,7
1192,2002-06-06,7
1192,2003-10-03,7
1193,2000-04-30,8
1193,2001-05-08,8
1193,2001-06-29,8
1193,2003-05-12,8
1193,2003-07-27,8
1194,2000-03-17,2
1194,2001-01-08,2
1194,2001-09-09,2
1194,2003-02-27,3
1194,2003-10-03,3
1195,1999-07-12,1
1195,2001-02-28,1
1195,2001-09-28,1
1195,2002-12-28,1
1195,2003-07-15,1
1196,1999-10-16,8
1196,2000-07-23,8
1196,2001-09-05,8
1196,2002-08-05,8
1196,2004-01-25,8
1197,1999-10-14,6
1197,2000-12-01,8
1197,2001-12-27,8
1197,2002-12-05,8
1197,2003-12-13,8
1198,2000-01-04,8
1198,2001-05-06,8
1198,2002-03-31,8
1198,2003-03-19,8
1198,2003-08-10,8
1199,2000-03-16,8
1199,2001-01-18,8
1199,2001-12-11,8
1199,2003-02-18,8
1199,2003-06-17,8
1200,1999-11-07,4
1200,2001-03-23,4
1200,2002-02-25,4
1200,2002-10-13,4
1200,2003-08-17,4
1201,1999-12-13,0
1201,2000-09-02,0
1201,2001-07-17,0
1201,2002-07-08,0
1201,2004-03-24,0
1202,1999-05-30,0
1202,2000-07-29,0
1202,2001-12-25,0
1202,2003-05-19,0
1202,2003-08-07,0
1203,1999-11-06,8
1203,2000-08-05,8
1203,2002-01-11,8
1203,2002-10-20,8
1203,2004-01-27,7
1204,1999-12-30,4
1204,2000-06-15,6
1204,2002-04-27,6
1204,2003-03-14,6
1204,2003-10-19,6
1205,1999-07-20,7
1205,2000-07-11,7
1205,2001-10-12,7
1205,2002-12-29,7
1205,2003-08-03,7
1206,2000-01-01,8
1206,2001-04-02,8
1206,2002-03-17,8
1206,2003-01-14,8
1206,2003-06-20,4
1207,2000-01-23,1
1207,2001-01-25,1
1207,2001-06-06,1
1207,2002-11-23,1
1207,2004-04-10,1
1208,1999-10-03,2
1208,2000-10-03,2
1208,2001-10-04,2
1208,2002-08-05,2
1208,2004-03-22,1
1209,2000-03-17,5
1209,2000-11-23,5
1209,2001-10-16,6
1209,2003-01-16,6
1209,2003-10-08,8
1210,1999-09-03,4
1210,2001-03-21,4
1210,2001-10-13,4
1210,2002-07-26,4
1210,2004-05-07,4
1211,1999-11-07,1
1211,2001-04-16,1
1211,2002-02-18,1
1211,2002-12-28,1
1211,2004-04-03,1
1212,2000-01-17,4
1212,2001-01-11,4
1212,2002-04-02,4
1212,2003-05-02,4
1212,2004-04-26,4
1213,1999-12-05,8
1213,2000-08-30,8
1213,2001-09-26,8
1213,2002-08-28,8
1213,2004-02-28,8
1214,1999-08-02,3
1214,2000-06-11,3
1214,2002-02-17,3
1214,2002-09-18,3
1214,2004-04-24,3
1215,1999-10-22,0
1215,2000-06-23,0
1215,2002-03-13,0
1215,2003-01-17,0
1215,2004-05-12,0
1216,2000-01-16,8
1216,2000-11-27,8
1216,2002-01-03,8
1216,2003-04-05,8
1216,2003-08-26,8
1217,2000-02-08,4
1217,2001-02-10,4
1217,2002-01-31,4
1217,2002-06-27,4
1217,2003-07-16,5
1218,1999-10-13,8
1218,2001-01-05,8
1218,2001-09-28,8
1218,2002-10-26,8
1218,2003-06-11,8
1219,2000-03-14,1
1219,2000-08-29,1
1219,2001-07-10,1
1219,2003-01-21,1
1219,2003-08-15,1
1220,1999-09-23,5
1220,2000-11-26,5
1220,2001-12-31,5
1220,2002-08-31,5
1220,2003-12-07,5
1221,2000-01-29,2
1221,2000-12-21,2
1221,2001-06-17,2
1221,2003-01-19,2
1221,2003-07-04,2
1222,1999-08-18,7
1222,2001-03-31,7
1222,2001-11-14,7
1222,2002-07-19,7
1222,2003-08-05,7
1223,1999-05-31,6
1223,2000-12-06,8
1223,2001-05-30,8
1223,2003-02-05,8
1223,2003-11-02,8
1224,1999-10-20,6
1224,2000-06-26,6
1224,2001-12-16,8
1224,2002-06-13,8
1224,2004-01-08,8
1225,2000-04-01,3
1225,2000-11-26,3
1225,2001-09-30,6
1225,2003-01-04,6
1225,2003-10-21,7
1226,2000-04-10,2
1226,2000-12-29,2
1226,2001-12-18,2
1226,2003-05-10,2
1226,2003-12-01,2
1227,2000-04-03,7
1227,2001-01-31,7
1227,2001-12-07,7
1227,2002-08-14,7
1227,2003-06-30,7
1228,1999-10-17,7
1228,2000-08-17,7
1228,2002-04-27,7
1228,2002-10-09,7
1228,2004-02-10,7
1229,2000-04-23,6
1229,2001-05-15,8
1229,2001-09-13,8
1229,2003-01-02,8
1229,2004-02-14,8
1230,1999-08-10,3
1230,2000-08-31,3
1230,2001-10-09,3
1230,2002-11-15,3
1230,2003-12-28,3
1231,1999-12-29,4
1231,2000-09-12,6
1231,2002-05-12,6
1231,2002-11-12,8
1231,2003-09-15,8
1232,1999-07-11,2
1232,2000-07-10,2
1232,2001-12-14,2
1232,2002-09-29,2
1232,2004-01-01,2
1233,1999-06-01,1
1233,2001-04-06,1
1233,2002-02-17,1
1233,2003-01-16,1
1233,2003-05-30,1
1234,2000-03-14,7
1234,2000-09-15,7
1234,2002-01-03,7
1234,2002-07-15,7
1234,2003-11-27,7
1235,1999-09-08,5
1235,2000-10-29,3
1235,2001-06-30,3
1235,2003-05-19,3
1235,2003-12-04,3
1236,1999-11-28,5
1236,2001-04-28,5
1236,2001-09-03,5
1236,2002-09-25,7
1236,2003-12-07,7
1237,1999-10-20,8
1237,2001-01-15,8
1237,2002-04-20,8
1237,2003-04-20,8
1237,2003-10-17,8
1238,2000-03-22,1
1238,2000-07-31,1
1238,2001-08-27,1
1238,2003-03-04,1
1238,2003-10-01,1
1239,2000-04-11,6
1239,2000-08-10,6
1239,2002-04-03,7
1239,2003-05-14,7
1239,2003-08-19,7
1240,1999-09-25,4
1240,2000-09-19,4
1240,2001-10-10,4
1240,2002-08-04,4
1240,2004-01-10,5
1241,2000-01-30,2
1241,2001-05-03,2
1241,2002-05-18,2
1241,2002-10-30,2
1241,2004-01-04,2
1242,1999-09-26,8
1242,2001-05-08,8
1242,2001-05-26,5
1242,2002-10-15,5
1242,2004-01-24,5
1243,1999-05-28,7
1243,2000-10-12,7
1243,2001-10-07,7
1243,2002-12-27,7
1243,2003-05-20,7
1244,1999-09-20,6
1244,2001-04-20,6
1244,2002-04-13,6
1244,2002-09-28,8
1244,2003-12-20,8
1245,1999-09-02,7
1245,2000-05-27,7
1245,2002-04-16,7
1245,2003-03-15,7
1245,2003-12-20,7
1246,1999-10-11,7
1246,2001-03-11,7
1246,2001-08-10,7
1246,2003-03-03,7
1246,2003-12-29,7
1247,1999-11-29,6
1247,2001-01-31,6
1247,2001-07-06,6
1247,2003-03-24,6
1247,2003-06-12,6
1248,2000-02-03,2
1248,2000-08-07,8
1248,2001-11-22,8
1248,2002-05-23,8
1248,2003-05-20,8
1249,1999-11-28,4
1249,2000-12-11,4
1249,2001-11-11,8
1249,2002-09-18,8
1249,2003-11-02,2
1250,2000-02-06,4
1250,2001-02-18,4
1250,2001-09-28,5
1250,2002-07-26,7
1250,2003-09-17,7
1251,2000-01-29,6
1251,2000-12-13,6
1251,2002-03-05,6
1251,2002-10-23,6
1251,2004-03-13,6
1252,2000-05-06,4
1252,2001-04-25,4
1252,2001-09-01,5
1252,2003-03-12,8
1252,2003-08-13,8
1253,2000-02-06,5
1253,2000-08-20,5
1253,2001-09-26,5
1253,2002-07-01,6
1253,2003-09-11,6
1254,2000-04-27,2
1254,2000-08-01,2
1254,2001-11-03,2
1254,2003-01-30,2
1254,2003-08-17,2
1255,1999-08-18,3
1255,2001-03-17,3
1255,2001-11-26,3
1255,2002-11-13,3
1255,2004-02-05,3
1256,1999-08-20,7
1256,2000-11-20,7
1256,2002-01-05,7
1256,2003-01-20,7
1256,2004-01-21,7
1257,1999-12-11,0
1257,2000-09-01,0
1257,2002-05-05,8
1257,2003-01-13,8
1257,2003-12-17,8
1258,1999-08-22,4
1258,2000-08-13,8
1258,2001-05-29,8
1258,2003-02-24,8
1258,2003-07-04,8
1259,2000-04-21,1
1259,2000-10-09,1
1259,2002-01-26,2
1259,2002-08-06,2
1259,2003-06-30,2
1260,1999-06-07,1
1260,2001-04-23,1
1260,2002-05-13,1
1260,2002-09-30,8
1260,2004-04-21,3
1261,1999-06-29,6
1261,2001-02-03,5
1261,2001-11-30,5
1261,2003-04-06,5
1261,2003-11-11,5
1262,2000-02-09,3
1262,2000-06-28,8
1262,2002-05-14,8
1262,2002-11-23,8
1262,2004-03-20,8
1263,1999-11-05,3
1263,2001-01-12,3
1263,2002-02-19,4
1263,2002-09-21,4
1263,2003-11-16,4
1264,1999-08-27,4
1264,2001-01-04,5
1264,2001-07-31,5
1264,2002-07-17,5
1264,2003-06-01,5
1265,1999-06-04,7
1265,2000-09-06,7
1265,2001-05-24,7
1265,2002-07-13,7
1265,2003-09-04,7
1266,1999-07-10,7
1266,2001-03-04,7
1266,2001-08-01,7
1266,2003-02-28,7
1266,2003-06-09,7
1267,2000-03-28,2
1267,2000-09-17,2
1267,2002-03-10,2
1267,2002-11-09,2
1267,2003-11-11,2
1268,1999-10-18,3
1268,2000-07-11,3
1268,2001-07-13,3
1268,2002-05-25,3
1268,2004-01-25,3
1269,1999-07-30,5
1269,2000-09-20,5
1269,2002-05-15,6
1269,2002-12-21,6
1269,2003-07-08,6
1270,1999-07-12,7
1270,2000-08-07,7
1270,2001-07-25,7
1270,2002-06-24,7
1270,2004-01-30,7
1271,2000-04-27,0
1271,2001-03-01,0
1271,2001-12-13,0
1271,2003-02-22,0
1271,2004-02-06,0
1272,2000-01-04,8
1272,2000-12-17,8
1272,2001-11-11,8
1272,2002-05-29,8
1272,2003-11-23,8
1273,1999-09-21,3
1273,2000-10-07,3
1273,2002-02-15,3
1273,2003-03-17,3
1273,2004-01-25,3
1274,2000-01-16,7
1274,2001-05-07,7
1274,2001-12-08,7
1274,2003-02-15,7
1274,2003-08-03,7
1275,1999-06-02,5
1275,2000-08-13,5
1275,2001-11-30,5
1275,2003-04-23,5
1275,2004-05-15,5
1276,2000-03-10,6
1276,2000-11-07,5
1276,2001-07-17,6
1276,2003-01-27,7
1276,2003-06-14,7
1277,1999-06-16,4
1277,2000-06-30,4
1277,2001-08-19,4
1277,2002-12-01,4
1277,2004-03-22,4
1278,1999-11-08,1
1278,2001-02-11,1
1278,2002-02-17,2
1278,2002-06-03,2
1278,2003-08-27,2
1279,2000-01-29,2
1279,2001-05-14,8
1279,2002-02-18,8
1279,2002-07-03,8
1279,2003-07-12,8
1280,2000-01-06,2
1280,2000-11-13,2
1280,2001-10-20,2
1280,2002-07-18,2
1280,2004-02-10,2
1281,2000-03-23,8
1281,2000-06-08,8
1281,2001-09-07,8
1281,2003-05-17,8
1281,2003-12-11,8
1282,1999-06-08,5
1282,2001-01-13,7
1282,2002-03-18,7
1282,2002-07-21,7
1282,2004-02-20,7
1283,2000-04-26,4
1283,2000-08-01,4
1283,2001-08-24,4
1283,2002-11-15,5
1283,2004-02-14,8
1284,2000-01-31,1
1284,2001-03-10,1
1284,2001-11-22,1
1284,2003-01-13,1
1284,2004-02-06,1
1285,1999-12-21,6
1285,2000-10-20,6
1285,2002-03-24,8
1285,2002-10-12,3
1285,2004-01-15,3
1286,1999-12-29,0
1286,2000-11-25,0
1286,2001-10-07,0
1286,2002-10-21,0
1286,2004-01-02,0
1287,1999-12-15,8
1287,2001-03-25,8
1287,2001-07-25,8
1287,2002-11-01,8
1287,2003-10-06,4
1288,1999-08-03,8
1288,2000-06-23,8
1288,2002-01-01,8
1288,2003-01-07,8
1288,2003-08-16,8
1289,2000-03-26,3
1289,2001-04-13,5
1289,2001-06-30,8
1289,2002-05-29,8
1289,2004-01-02,8
1290,2000-01-09,0
1290,2000-10-29,0
1290,2001-08-30,0
1290,2002-07-23,0
1290,2003-08-23,0
1291,2000-02-08,7
1291,2000-12-21,7
1291,2001-07-07,7
1291,2003-01-10,7
1291,2003-12-08,7
1292,1999-11-18,5
1292,2000-10-31,5
1292,2001-08-18,5
1292,2002-10-12,6
1292,2004-04-13,6
1293,1999-12-21,8
1293,2000-10-26,8
1293,2001-08-09,8
1293,2003-04-08,8
1293,2003-08-18,8
1294,1999-06-25,7
1294,2000-10-16,7
1294,2002-02-19,7
1294,2002-10-19,7
1294,2004-03-02,7
1295,2000-01-23,2
1295,2000-05-25,2
1295,2001-07-21,2
1295,2002-12-16,2
1295,2004-01-27,2
1296,2000-05-19,8
1296,2000-08-03,8
1296,2001-07-31,8
1296,2003-01-31,8
1296,2003-11-17,8
1297,2000-05-06,7
1297,2000-11-14,7
1297,2002-01-17,7
1297,2003-01-29,7
1297,2003-10-11,7
1298,1999-06-18,2
1298,2000-11-18,2
1298,2002-03-22,2
1298,2002-07-06,2
1298,2003-07-26,1
1299,1999-12-10,8
1299,2001-05-09,8
1299,2001-07-10,8
1299,2002-06-11,8
1299,2003-08-05,2
1300,2000-03-13,2
1300,2000-07-21,2
1300,2001-12-06,2
1300,2002-11-23,2
1300,2004-02-16,2
1301,1999-07-13,8
1301,2001-01-07,8
1301,2001-07-28,8
1301,2002-09-08,8
1301,2004-03-20,8
1302,1999-09-10,3
1302,2000-11-26,4
1302,2001-08-22,3
1302,2003-02-22,3
1302,2003-10-13,2
1303,2000-03-07,2
1303,2001-02-21,2
1303,2001-09-06,2
1303,2003-05-17,2
1303,2004-01-30,2
1304,1999-09-22,5
1304,2001-01-13,5
1304,2001-10-08,4
1304,2003-05-14,4
1304,2004-02-20,4
1305,1999-07-17,4
1305,2001-02-24,4
1305,2001-06-04,4
1305,2002-11-28,5
1305,2003-07-24,6
1306,1999-05-27,0
1306,2000-12-06,0
1306,2001-11-21,0
1306,2003-05-04,1
1306,2003-06-11,1
1307,1999-09-14,0
1307,2000-11-15,0
1307,2002-02-28,0
1307,2002-10-07,0
1307,2004-03-06,0
1308,2000-04-18,6
1308,2000-12-08,6
1308,2002-01-22,6
1308,2002-12-27,6
1308,2004-03-18,6
1309,1999-10-30,4
1309,2001-01-22,3
1309,2001-11-14,3
1309,2002-08-27,3
1309,2004-04-25,3
1310,1999-08-31,7
1310,2001-02-21,7
1310,2001-08-10,7
1310,2002-10-06,7
1310,2004-02-12,7
1311,2000-01-26,8
1311,2000-11-16,8
1311,2002-04-06,8
1311,2002-08-11,8
1311,2003-07-16,8
1312,1999-12-30,6
1312,2001-02-19,6
1312,2002-01-29,6
1312,2003-04-10,7
1312,2004-03-29,7
1313,1999-12-27,7
1313,2001-01-08,7
1313,2001-12-21,7
1313,2003-04-07,7
1313,2004-01-28,7
1314,1999-07-03,8
1314,2000-06-13,8
1314,2001-10-23,8
1314,2002-06-02,8
1314,2004-03-10,8
1315,1999-09-01,4
1315,2000-09-25,4
1315,2001-07-13,4
1315,2002-12-16,4
1315,2003-09-24,4
1316,1999-12-22,5
1316,2000-06-26,5
1316,2001-07-01,8
1316,2002-07-11,8
1316,2003-09-08,8
1317,2000-03-06,8
1317,2001-03-04,8
1317,2001-12-30,8
1317,2002-12-30,8
1317,2004-02-04,8
1318,1999-05-25,5
1318,2000-11-04,5
1318,2001-12-15,5
1318,2002-10-24,5
1318,2003-09-21,5
1319,2000-01-19,7
1319,2000-12-23,7
1319,2001-09-15,7
1319,2002-09-22,7
1319,2003-06-01,7
1320,2000-02-24,8
1320,2000-12-04,8
1320,2001-12-30,8
1320,2002-10-23,8
1320,2004-03-28,8
1321,2000-03-14,4
1321,2000-12-08,4
1321,2001-11-02,5
1321,2002-08-31,5
1321,2004-02-20,8
1322,1999-09-05,1
1322,2000-07-06,8
1322,2001-09-19,8
1322,2002-11-10,8
1322,2004-03-05,8
1323,2000-04-16,0
1323,2001-02-17,0
1323,2002-01-26,0
1323,2002-08-04,0
1323,2003-07-09,0
1324,1999-07-15,3
1324,2001-04-14,3
1324,2002-04-01,3
1324,2002-12-09,2
1324,2003-12-07,8
1325,1999-05-22,6
1325,2001-03-11,6
1325,2002-02-19,6
1325,2003-01-25,8
1325,2004-04-30,8
1326,2000-03-28,3
1326,2000-09-01,3
1326,2001-10-27,3
1326,2002-06-16,3
1326,2004-02-05,4
1327,2000-05-19,3
1327,2000-08-06,3
1327,2001-12-06,3
1327,2003-02-24,3
1327,2003-07-07,3
1328,1999-05-29,3
1328,2000-05-24,3
1328,2001-07-11,3
1328,2002-10-29,3
1328,2004-03-11,3
1329,2000-03-10,0
1329,2001-03-12,0
1329,2001-11-19,0
1329,2002-07-07,0
1329,2003-07-24,0
1330,1999-05-26,4
1330,2001-04-29,5
1330,2001-08-16,5
1330,2003-03-14,5
1330,2004-01-23,5
1331,1999-12-06,5
1331,2001-04-19,5
1331,2001-06-06,4
1331,2003-01-07,4
1331,2004-01-03,4
1332,1999-09-19,3
1332,2000-06-14,3
1332,2002-02-07,3
1332,2003-03-04,3
1332,2003-09-03,3
1333,2000-03-19,2
1333,2000-07-12,2
1333,2002-03-15,2
1333,2002-07-11,2
1333,2004-03-02,2
1334,2000-02-23,6
1334,2000-09-14,6
1334,2002-05-16,6
1334,2002-11-23,8
1334,2003-08-31,8
1335,1999-06-20,0
1335,2001-04-15,0
1335,2002-05-12,0
1335,2002-06-28,0
1335,2003-08-24,0
1336,2000-05-10,5
1336,2000-08-12,8
1336,2001-12-25,8
1336,2002-10-04,8
1336,2003-12-30,8
1337,2000-04-14,7
1337,2000-11-29,7
1337,2002-03-07,7
1337,2002-05-31,7
1337,2003-07-23,7
1338,1999-07-03,2
1338,2001-04-16,2
1338,2002-02-23,2
1338,2002-10-22,2
1338,2003-11-23,8
1339,2000-02-19,0
1339,2000-10-25,0
1339,2002-04-20,0
1339,2002-05-20,0
1339,2003-06-24,0
1340,2000-05-15,1
1340,2000-09-17,2
1340,2001-12-05,2
1340,2002-12-19,2
1340,2003-11-30,2
1341,1999-12-23,6
1341,2000-07-12,6
1341,2001-12-27,6
1341,2003-04-08,8
1341,2003-11-11,8
1342,2000-01-20,8
1342,2001-05-01,8
1342,2001-10-02,8
1342,2003-02-28,8
1342,2003-10-10,8
1343,2000-02-28,4
1343,2001-02-14,4
1343,2002-03-29,5
1343,2003-03-17,8
1343,2003-09-24,6
1344,2000-05-14,2
1344,2001-05-12,2
1344,2002-04-02,3
1344,2002-06-15,3
1344,2003-11-11,3
1345,2000-01-27,8
1345,2001-01-04,8
1345,2002-03-19,8
1345,2002-05-29,8
1345,2004-05-13,8
1346,1999-09-12,0
1346,2000-12-30,0
1346,2002-04-22,0
1346,2002-09-29,0
1346,2004-02-24,0
1347,2000-03-15,7
1347,2000-12-16,7
1347,2001-06-19,7
1347,2003-01-25,7
1347,2003-11-18,7
1348,2000-02-21,6
1348,2000-09-28,8
1348,2001-06-06,8
1348,2003-03-05,8
1348,2003-11-23,8
1349,2000-03-05,8
1349,2001-02-03,8
1349,2001-06-14,8
1349,2002-08-23,8
1349,2004-02-23,8
1350,1999-08-24,5
1350,2000-05-20,5
1350,2002-03-29,6
1350,2003-05-04,5
1350,2003-10-04,5
1351,1999-11-14,7
1351,2001-01-07,7
1351,2001-11-18,7
1351,2002-12-16,7
1351,2003-10-23,7
1352,2000-02-18,8
1352,2001-02-06,8
1352,2001-11-12,8
1352,2002-09-01,8
1352,2004-01-29,8
1353,2000-05-14,2
1353,2000-08-19,2
1353,2002-03-26,2
1353,2003-02-05,2
1353,2003-07-07,2
1354,2000-02-26,4
1354,2000-06-28,3
1354,2002-01-14,3
1354,2002-06-24,3
1354,2003-09-05,3
1355,2000-04-09,1
1355,2001-05-11,2
1355,2001-07-14,3
1355,2002-08-17,8
1355,2004-04-07,8
1356,1999-08-02,4
1356,2001-03-23,5
1356,2001-06-29,5
1356,2002-07-11,4
1356,2004-02-08,4
1357,2000-01-12,7
1357,2000-10-24,7
1357,2001-06-29,7
1357,2002-09-05,7
1357,2004-01-24,7
1358,1999-12-14,6
1358,2000-06-11,6
1358,2002-05-08,7
1358,2003-05-16,7
1358,2004-05-10,7
1359,2000-03-15,0
1359,2000-09-28,0
1359,2001-12-16,0
1359,2003-01-29,0
1359,2003-10-20,0
1360,1999-10-22,0
1360,2000-06-01,0
1360,2001-12-19,8
1360,2002-12-28,8
1360,2003-12-05,8
1361,2000-05-18,4
1361,2001-05-05,4
1361,2001-07-21,5
1361,2003-02-14,5
1361,2003-08-08,5
1362,1999-08-15,5
1362,2001-01-20,5
1362,2002-01-03,8
1362,2002-12-11,8
1362,2003-11-08,8
1363,2000-05-05,4
1363,2000-09-14,4
1363,2001-10-03,4
1363,2003-02-04,6
1363,2003-07-10,6
1364,2000-04-27,1
1364,2001-03-16,1
1364,2002-02-08,1
1364,2003-03-01,1
1364,2004-04-15,1
1365,1999-10-19,1
1365,2001-05-06,1
1365,2001-12-31,1
1365,2003-05-12,1
1365,2003-08-18,1
1366,1999-05-29,2
1366,2000-08-15,2
1366,2002-02-04,2
1366,2002-05-30,2
1366,2004-02-16,2
1367,1999-08-24,3
1367,2001-05-19,3
1367,2001-12-15,3
1367,2002-05-26,3
1367,2003-06-12,4
1368,1999-10-30,6
1368,2001-03-09,5
1368,2002-04-24,4
1368,2002-08-05,4
1368,2003-07-22,5
1369,1999-12-14,1
1369,2001-02-03,1
1369,2001-12-28,1
1369,2002-06-13,1
1369,2003-06-04,1
1370,1999-11-27,4
1370,2001-03-01,4
1370,2001-11-11,4
1370,2002-12-29,6
1370,2004-04-16,8
1371,1999-12-10,2
1371,2001-05-08,2
1371,2001-08-31,2
1371,2003-02-04,2
1371,2004-02-25,2
1372,1999-07-15,4
1372,2000-12-24,4
1372,2002-05-19,4
1372,2002-06-19,4
1372,2004-03-04,6
1373,2000-01-16,1
1373,2001-02-20,1
1373,2002-03-19,1
1373,2003-05-19,1
1373,2004-02-23,1
1374,1999-12-14,7
1374,2000-11-15,7
1374,2002-03-26,7
1374,2003-01-16,7
1374,2003-09-21,7
1375,1999-07-13,8
1375,2000-12-30,8
1375,2001-06-18,8
1375,2002-08-19,8
1375,2003-09-22,8
1376,1999-08-22,0
1376,2001-04-06,0
1376,2001-07-28,0
1376,2003-01-05,8
1376,2004-05-14,8
1377,2000-04-04,8
1377,2000-11-22,8
1377,2001-10-31,8
1377,2002-09-29,8
1377,2004-01-19,8
1378,1999-11-07,7
1378,2000-06-15,7
1378,2002-05-10,7
1378,2002-10-02,7
1378,2003-11-28,7
1379,1999-10-15,2
1379,2001-05-04,2
1379,2001-08-04,2
1379,2002-11-16,2
1379,2004-02-15,2
1380,1999-08-13,8
1380,2000-08-14,8
1380,2002-05-01,8
1380,2002-05-25,8
1380,2004-01-10,8
1381,1999-06-22,1
1381,2001-02-26,1
1381,2001-09-04,2
1381,2003-04-19,2
1381,2003-06-19,2
1382,1999-06-16,4
1382,2000-07-31,5
1382,2001-06-25,5
1382,2003-03-10,5
1382,2003-07-18,5
1383,1999-10-30,6
1383,2001-04-30,8
1383,2001-10-28,8
1383,2002-10-21,8
1383,2003-06-22,8
1384,1999-09-04,5
1384,2000-10-31,5
1384,2002-01-02,5
1384,2003-03-31,7
1384,2004-03-13,7
1385,2000-05-17,0
1385,2001-05-04,8
1385,2002-03-06,8
1385,2002-05-30,8
1385,2003-08-27,8
1386,1999-12-26,2
1386,2000-08-23,2
1386,2002-02-26,2
1386,2002-06-11,2
1386,2004-02-29,2
1387,1999-12-16,8
1387,2000-10-04,4
1387,2002-04-27,5
1387,2002-10-11,6
1387,2003-05-23,6
1388,2000-01-31,3
1388,2000-12-15,3
1388,2002-05-19,3
1388,2002-11-20,3
1388,2003-10-14,3
1389,2000-04-24,3
1389,2001-05-06,3
1389,2001-08-27,3
1389,2003-01-19,3
1389,2003-12-29,3
1390,1999-09-16,5
1390,2000-06-11,5
1390,2001-06-21,5
1390,2003-02-07,6
1390,2003-06-15,6
1391,2000-01-25,7
1391,2000-08-19,7
1391,2001-08-21,7
1391,2003-05-17,7
1391,2003-12-02,7
1392,2000-01-23,2
1392,2000-07-17,1
1392,2001-07-26,2
1392,2003-05-12,2
1392,2003-07-14,2
1393,1999-12-30,7
1393,2001-04-27,7
1393,2002-03-23,7
1393,2002-08-12,7
1393,2003-08-06,7
1394,2000-01-15,3
1394,2000-10-14,3
1394,2002-04-17,3
1394,2002-09-23,3
1394,2004-02-22,3
1395,1999-07-16,1
1395,2001-03-17,1
1395,2002-04-01,1
1395,2002-08-23,1
1395,2003-12-03,1
1396,2000-04-19,8
1396,2000-07-02,8
1396,2001-07-04,8
1396,2003-03-20,8
1396,2003-10-23,8
1397,1999-09-01,1
1397,2000-08-01,2
1397,2002-04-12,2
1397,2002-08-01,2
1397,2003-06-11,2
1398,2000-04-26,5
1398,2000-12-07,5
1398,2002-02-14,5
1398,2002-09-14,5
1398,2003-08-08,7
1399,1999-07-10,5
1399,2000-12-09,5
1399,2001-12-31,8
1399,2002-08-13,8
1399,2003-10-05,8
1400,1999-12-04,6
1400,2000-12-11,6
1400,2001-10-12,6
1400,2002-12-22,8
1400,2003-07-04,8
1401,1999-06-21,0
1401,2001-04-21,0
1401,2001-09-26,0
1401,2003-02-17,8
1401,2003-07-05,8
1402,1999-11-18,8
1402,2000-11-26,8
1402,2002-03-23,8
1402,2002-07-31,8
1402,2004-05-05,8
1403,1999-11-19,4
1403,2000-08-15,4
1403,2001-05-25,8
1403,2002-08-13,8
1403,2003-12-24,8
1404,1999-09-07,6
1404,2000-05-31,6
1404,2001-12-24,6
1404,2002-12-30,8
1404,2003-09-04,8
1405,2000-02-12,7
1405,2001-04-30,7
1405,2001-09-30,7
1405,2002-08-16,7
1405,2004-02-09,7
1406,1999-06-16,4
1406,2001-02-03,4
1406,2002-03-01,4
1406,2003-04-26,5
1406,2003-05-26,5
1407,1999-05-28,6
1407,2000-12-13,6
1407,2002-05-14,4
1407,2002-07-16,4
1407,2003-11-09,4
1408,1999-10-04,8
1408,2001-02-18,4
1408,2001-06-22,4
1408,2002-09-10,5
1408,2003-12-18,5
1409,1999-12-21,1
1409,2001-01-07,1
1409,2002-03-18,1
1409,2003-04-15,8
1409,2003-06-28,8
1410,1999-10-05,2
1410,2000-06-18,2
1410,2002-03-20,2
1410,2002-07-08,2
1410,2004-05-07,2
1411,2000-03-07,7
1411,2000-06-26,7
1411,2001-07-16,7
1411,2002-07-15,7
1411,2003-10-28,7
1412,2000-03-17,7
1412,2000-09-18,7
1412,2001-10-14,7
1412,2002-10-10,7
1412,2004-03-22,7
1413,2000-02-07,4
1413,2000-12-10,3
1413,2001-10-29,3
1413,2002-08-09,3
1413,2003-06-16,3
1414,1999-08-18,3
1414,2001-03-27,3
1414,2002-04-23,3
1414,2002-09-02,4
1414,2004-01-29,4
1415,1999-11-11,0
1415,2001-03-30,0
1415,2001-11-16,0
1415,2002-11-20,0
1415,2003-09-15,0
1416,1999-12-11,6
1416,2000-05-20,6
1416,2001-10-05,8
1416,2003-05-17,8
1416,2003-11-07,8
1417,2000-02-10,6
1417,2000-08-28,5
1417,2002-02-17,5
1417,2002-11-10,5
1417,2003-11-12,5
1418,1999-11-07,1
1418,2000-12-09,1
1418,2001-08-19,1
1418,2002-09-17,1
1418,2004-04-30,1
1419,2000-04-06,0
1419,2001-01-17,0
1419,2002-02-12,0
1419,2002-11-16,0
1419,2004-05-18,0
1420,1999-12-15,0
1420,2001-03-06,0
1420,2002-01-19,0
1420,2003-04-14,0
1420,2004-04-30,0
1421,1999-09-24,5
1421,2000-11-29,5
1421,2001-11-18,5
1421,2002-05-28,4
1421,2003-09-03,6
1422,1999-12-26,0
1422,2001-03-09,0
1422,2002-01-04,0
1422,2002-12-01,0
1422,2004-02-07,0
1423,1999-11-09,7
1423,2000-07-21,7
1423,2001-12-10,7
1423,2002-11-22,7
1423,2004-01-10,7
1424,1999-11-27,4
1424,2001-04-12,4
1424,2001-08-30,5
1424,2003-01-04,5
1424,2003-12-11,5
1425,1999-11-23,5
1425,2000-11-07,5
1425,2001-11-24,6
1425,2002-09-20,8
1425,2003-10-24,4
1426,1999-12-31,6
1426,2001-02-18,6
1426,2001-09-20,6
1426,2002-08-24,6
1426,2003-08-05,6
1427,2000-04-06,4
1427,2000-07-30,5
1427,2001-10-25,5
1427,2002-07-25,5
1427,2003-06-11,5
1428,1999-10-08,3
1428,2000-11-13,3
1428,2001-12-27,3
1428,2002-09-05,3
1428,2004-02-14,3
1429,1999-08-19,7
1429,2000-08-27,7
1429,2002-01-09,7
1429,2002-05-23,7
1429,2003-09-18,7
1430,1999-06-29,4
1430,2000-08-25,5
1430,2001-11-27,4
1430,2002-12-08,4
1430,2004-02-16,4
1431,1999-10-17,8
1431,2001-02-26,8
1431,2002-01-09,8
1431,2003-04-08,8
1431,2003-12-18,7
1432,2000-05-14,5
1432,2000-10-20,5
1432,2002-02-26,6
1432,2002-06-24,5
1432,2003-10-03,5
1433,2000-01-01,6
1433,2000-06-25,6
1433,2002-04-13,6
1433,2002-12-18,6
1433,2003-11-26,5
1434,2000-02-06,1
1434,2000-12-10,1
1434,2002-04-24,1
1434,2003-04-12,1
1434,2003-08-06,1
1435,1999-11-03,1
1435,2001-04-28,1
1435,2001-05-26,1
1435,2002-05-20,1
1435,2003-10-06,8
1436,2000-01-24,0
1436,2000-12-01,0
1436,2001-09-07,0
1436,2002-11-01,0
1436,2004-03-31,0
1437,2000-05-15,5
1437,2000-10-07,5
1437,2001-06-06,5
1437,2003-04-16,5
1437,2003-08-31,4
1438,2000-02-06,7
1438,2000-07-21,7
1438,2001-08-28,7
1438,2002-09-23,7
1438,2004-02-23,7
1439,1999-10-31,1
1439,2001-04-05,1
1439,2002-02-06,1
1439,2002-06-14,1
1439,2003-09-08,1
1440,1999-10-11,3
1440,2000-06-16,3
1440,2002-02-09,3
1440,2002-11-14,3
1440,2003-11-28,3
1441,1999-12-26,5
1441,2000-10-25,5
1441,2001-06-02,5
1441,2002-12-24,8
1441,2003-08-24,8
1442,2000-05-06,8
1442,2001-03-07,8
1442,2001-12-08,8
1442,2002-06-27,8
1442,2003-08-02,8
1443,2000-04-24,8
1443,2000-10-31,8
1443,2002-01-28,8
1443,2003-04-12,8
1443,2004-02-03,8
1444,1999-09-13,3
1444,2000-12-31,3
1444,2001-09-28,3
1444,2002-07-14,3
1444,2004-02-24,3
1445,2000-04-01,3
1445,2000-06-11,3
1445,2002-04-17,3
1445,2002-12-17,4
1445,2004-03-26,4
1446,1999-08-27,8
1446,2000-07-30,8
1446,2001-09-08,8
1446,2003-03-03,7
1446,2003-11-26,7
1447,1999-08-31,2
1447,2001-02-20,2
1447,2001-09-26,2
1447,2002-08-25,2
1447,2003-11-24,8
1448,1999-05-25,1
1448,2000-06-23,1
1448,2001-08-09,1
1448,2003-04-03,8
1448,2003-12-14,8
1449,2000-04-13,5
1449,2001-02-01,5
1449,2002-04-20,5
1449,2003-01-25,5
1449,2003-12-25,7
1450,2000-05-15,7
1450,2000-06-10,7
1450,2002-02-22,7
1450,2002-10-09,7
1450,2004-03-16,7
1451,1999-07-07,7
1451,2001-01-08,7
1451,2001-09-04,7
1451,2002-07-02,7
1451,2004-03-03,7
1452,1999-11-04,1
1452,2001-04-21,1
1452,2001-10-24,1
1452,2003-01-25,1
1452,2003-10-04,1
1453,1999-08-31,0
1453,2000-09-13,0
1453,2002-01-20,0
1453,2002-12-30,0
1453,2003-08-08,0
1454,1999-10-02,4
1454,2001-02-14,4
1454,2002-04-06,8
1454,2002-10-03,8
1454,2003-06-25,8
1455,1999-07-17,1
1455,2000-10-29,1
1455,2001-09-01,2
1455,2003-04-05,2
1455,2003-08-02,2
1456,2000-02-16,3
1456,2000-12-18,3
1456,2002-02-25,3
1456,2003-02-22,3
1456,2004-01-30,3
1457,1999-07-13,8
1457,2000-06-30,8
1457,2002-02-10,8
1457,2002-08-16,8
1457,2003-06-10,8
1458,1999-09-19,3
1458,2000-11-06,3
1458,2002-03-08,3
1458,2002-08-28,3
1458,2003-12-04,3
1459,1999-12-08,0
1459,2000-06-30,0
1459,2001-10-12,0
1459,2002-10-17,0
1459,2004-02-02,0
1460,1999-12-08,8
1460,2000-08-25,8
1460,2001-10-08,8
1460,2002-07-28,8
1460,2004-01-28,8
1461,1999-07-30,4
1461,2001-03-17,4
1461,2002-05-03,4
1461,2002-07-31,4
1461,2003-12-05,4
1462,1999-10-25,5
1462,2000-10-26,5
1462,2002-03-08,5
1462,2003-03-12,5
1462,2003-10-23,8
1463,1999-07-26,2
1463,2000-10-13,2
1463,2001-09-13,2
1463,2002-12-03,2
1463,2004-02-20,2
1464,1999-09-03,1
1464,2001-05-07,1
1464,2001-10-18,1
1464,2003-05-12,1
1464,2004-04-28,1
1465,1999-06-11,2
1465,2000-12-06,2
1465,2001-12-08,3
1465,2003-02-02,3
1465,2003-10-31,3
1466,1999-08-07,5
1466,2000-09-22,5
1466,2001-06-03,5
1466,2002-06-03,5
1466,2003-10-12,5
1467,2000-01-02,8
1467,2001-03-27,8
1467,2002-05-03,8
1467,2002-10-22,8
1467,2003-07-31,8
1468,1999-07-01,2
1468,2001-02-21,2
1468,2002-05-07,2
1468,2003-03-18,2
1468,2003-07-31,2
1469,2000-04-29,3
1469,2001-03-17,3
1469,2002-02-14,3
1469,2002-10-29,3
1469,2003-12-11,3
1470,1999-09-05,8
1470,2000-10-20,8
1470,2002-05-14,8
1470,2002-07-29,8
1470,2003-12-27,8
1471,2000-02-02,5
1471,2000-07-21,5
1471,2002-02-19,6
1471,2003-02-21,6
1471,2003-10-16,6
1472,1999-08-08,4
1472,2000-11-02,5
1472,2001-11-15,6
1472,2002-06-01,6
1472,2003-12-04,3
1473,2000-01-17,0
1473,2001-04-01,0
1473,2001-11-12,0
1473,2003-04-05,8
1473,2003-09-30,8
1474,1999-11-19,0
1474,2000-10-30,0
1474,2001-07-22,0
1474,2002-11-03,0
1474,2003-07-25,0
1475,1999-11-24,0
1475,2001-05-11,0
1475,2001-07-10,0
1475,2003-03-06,0
1475,2004-01-12,0
1476,2000-03-23,3
1476,2001-01-01,3
1476,2001-10-18,3
1476,2003-02-02,3
1476,2004-02-15,1
1477,2000-04-16,3
1477,2000-11-07,3
1477,2002-03-14,4
1477,2002-09-17,3
1477,2003-11-23,3
1478,1999-06-12,1
1478,2000-08-28,1
1478,2001-06-19,1
1478,2003-02-04,1
1478,2003-09-13,1
1479,1999-11-29,1
1479,2000-07-17,1
1479,2002-01-04,1
1479,2002-10-30,8
1479,2003-11-03,8
1480,2000-04-08,4
1480,2000-12-12,4
1480,2002-04-21,3
1480,2002-06-06,3
1480,2003-09-22,3
1481,2000-01-26,2
1481,2000-05-26,2
1481,2001-12-12,2
1481,2002-12-16,8
1481,2003-08-03,8
1482,1999-09-09,7
1482,2001-04-24,7
1482,2002-04-26,7
1482,2002-10-16,7
1482,2003-08-21,7
1483,2000-03-17,0
1483,2001-03-29,0
1483,2002-03-04,0
1483,2002-06-01,0
1483,2003-11-27,0
1484,1999-07-12,5
1484,2000-11-23,5
1484,2002-01-28,5
1484,2002-12-19,5
1484,2003-08-21,5
1485,1999-07-26,7
1485,2000-08-30,7
1485,2001-11-21,7
1485,2003-03-15,7
1485,2004-01-04,7
1486,2000-01-30,1
1486,2000-11-19,1
1486,2001-09-30,1
1486,2002-06-01,1
1486,2004-03-08,8
1487,2000-05-15,4
1487,2000-08-22,3
1487,2002-04-08,3
1487,2003-05-06,2
1487,2003-07-01,2
1488,1999-06-22,1
1488,2000-11-19,1
1488,2001-06-08,1
1488,2002-06-20,1
1488,2004-02-07,1
1489,2000-03-28,8
1489,2001-01-07,8
1489,2001-05-24,8
1489,2003-03-17,8
1489,2004-01-27,8
1490,2000-02-20,5
1490,2000-06-18,5
1490,2001-11-06,7
1490,2002-10-24,7
1490,2003-09-17,7
1491,1999-11-08,3
1491,2000-06-30,3
1491,2002-02-07,3
1491,2002-10-05,3
1491,2004-01-05,3
1492,1999-05-28,6
1492,2001-03-17,6
1492,2001-10-17,6
1492,2002-08-13,6
1492,2003-11-25,6
1493,1999-08-31,1
1493,2000-11-21,1
1493,2002-02-08,2
1493,2003-03-22,2
1493,2003-07-19,1
1494,2000-01-20,1
1494,2001-04-08,1
1494,2002-01-19,2
1494,2003-05-16,2
1494,2003-05-31,2
1495,1999-11-06,0
1495,2000-12-05,0
1495,2002-02-17,0
1495,2003-02-23,0
1495,2004-01-27,0
1496,2000-04-13,0
1496,2001-01-31,0
1496,2002-04-17,0
1496,2003-04-20,0
1496,2003-10-21,0
1497,1999-05-25,8
1497,2000-11-16,6
1497,2002-02-22,6
1497,2002-08-29,6
1497,2003-12-27,6
1498,2000-02-24,0
1498,2000-08-02,0
1498,2001-12-30,0
1498,2002-07-26,0
1498,2003-10-29,0
1499,1999-06-28,1
1499,2000-08-01,1
1499,2002-05-06,1
1499,2003-04-14,1
1499,2003-12-19,1
1500,1999-09-18,3
1500,2000-11-17,3
1500,2001-12-23,2
1500,2002-09-20,2
1500,2003-09-22,2
1501,2000-02-12,4
1501,2001-01-29,4
1501,2001-12-09,4
1501,2002-05-20,5
1501,2003-12-19,5
1502,1999-05-29,0
1502,2000-08-14,0
1502,2002-03-20,1
1502,2002-10-15,1
1502,2004-02-14,1
1503,2000-02-11,2
1503,2001-03-19,2
1503,2002-02-16,2
1503,2002-08-05,2
1503,2004-02-04,2
1504,1999-10-12,5
1504,2000-12-22,5
1504,2001-08-13,5
1504,2002-09-28,8
1504,2003-09-18,8
1505,2000-01-07,3
1505,2001-04-27,3
1505,2002-03-24,3
1505,2003-03-18,3
1505,2003-08-21,4
1506,1999-10-02,8
1506,2001-03-17,8
1506,2002-03-21,8
1506,2002-11-23,8
1506,2003-08-11,8
1507,2000-02-17,7
1507,2001-04-10,7
1507,2001-09-14,7
1507,2003-01-26,7
1507,2003-08-16,7
1508,2000-04-22,0
1508,2000-06-01,8
1508,2002-02-06,8
1508,2002-11-30,8
1508,2003-09-27,8
1509,2000-04-26,8
1509,2000-10-01,8
1509,2001-11-24,8
1509,2003-03-17,8
1509,2003-08-05,8
1510,2000-02-07,8
1510,2000-10-31,8
1510,2002-02-24,8
1510,2003-02-26,8
1510,2004-01-09,8
1511,1999-08-14,4
1511,2000-09-01,4
1511,2001-06-22,4
1511,2002-12-12,4
1511,2003-08-21,6
1512,1999-08-20,4
1512,2000-07-02,4
1512,2002-04-25,4
1512,2002-09-27,3
1512,2003-07-05,3
1513,2000-04-27,1
1513,2001-01-01,2
1513,2001-12-01,2
1513,2002-11-08,2
1513,2004-05-10,2
1514,1999-09-13,4
1514,2001-03-16,3
1514,2001-09-29,3
1514,2002-10-27,3
1514,2003-07-03,3
1515,1999-12-09,5
1515,2001-03-15,5
1515,2001-07-11,4
1515,2002-10-22,4
1515,2004-03-19,3
1516,2000-01-14,7
1516,2000-07-01,7
1516,2001-07-02,7
1516,2003-02-15,7
1516,2003-09-15,7
1517,1999-07-29,4
1517,2000-11-02,3
1517,2001-10-02,3
1517,2002-11-22,3
1517,2003-11-09,5
1518,1999-10-24,3
1518,2000-11-06,3
1518,2002-03-23,3
1518,2002-12-29,3
1518,2004-04-28,4
1519,2000-03-04,7
1519,2000-12-01,7
1519,2001-09-24,7
1519,2002-09-06,7
1519,2004-01-25,7
1520,1999-10-19,1
1520,2000-07-03,3
1520,2002-05-04,3
1520,2003-02-19,3
1520,2004-03-20,3
1521,1999-10-27,7
1521,2001-03-28,7
1521,2001-12-15,7
1521,2003-04-06,7
1521,2004-02-05,7
1522,2000-03-24,0
1522,2000-10-06,0
1522,2001-12-29,0
1522,2002-09-10,0
1522,2003-09-04,0
1523,1999-06-16,6
1523,2000-11-15,6
1523,2001-12-11,6
1523,2002-08-07,6
1523,2004-01-30,6
1524,2000-01-28,8
1524,2001-01-12,8
1524,2001-05-21,8
1524,2002-12-21,8
1524,2004-03-20,8
1525,2000-03-10,7
1525,2001-03-01,7
1525,2002-03-28,7
1525,2002-11-09,7
1525,2004-02-15,7
1526,2000-01-07,2
1526,2000-08-22,2
1526,2001-12-13,2
1526,2002-07-29,2
1526,2003-07-14,2
1527,1999-08-29,6
1527,2000-06-04,5
1527,2001-12-13,5
1527,2002-11-25,6
1527,2003-12-31,6
1528,1999-09-09,0
1528,2000-06-26,0
1528,2001-12-14,8
1528,2002-12-16,8
1528,2004-03-03,8
1529,1999-12-31,2
1529,2000-12-11,2
1529,2001-07-17,2
1529,2002-06-02,2
1529,2004-04-21,2
1530,1999-12-03,8
1530,2000-10-16,6
1530,2002-01-03,7
1530,2002-06-19,7
1530,2003-08-28,7
1531,1999-06-08,3
1531,2001-04-26,4
1531,2001-07-27,3
1531,2002-07-03,8
1531,2004-05-08,8
1532,1999-10-14,5
1532,2000-11-16,5
1532,2001-09-29,5
1532,2002-10-01,5
1532,2004-03-08,5
1533,2000-05-02,1
1533,2001-04-09,1
1533,2001-09-27,1
1533,2002-11-25,1
1533,2004-05-12,1
1534,1999-05-23,5
1534,2000-11-01,6
1534,2001-07-08,6
1534,2002-06-09,6
1534,2003-06-12,6
1535,1999-10-21,1
1535,2000-09-17,1
1535,2002-01-07,1
1535,2002-07-11,1
1535,2004-04-26,1
1536,1999-09-28,6
1536,2001-04-04,8
1536,2001-11-17,8
1536,2003-03-30,8
1536,2004-03-17,8
1537,2000-03-14,7
1537,2000-07-17,7
1537,2001-07-17,7
1537,2003-05-01,7
1537,2003-09-11,7
1538,2000-01-25,5
1538,2001-05-12,5
1538,2001-10-17,5
1538,2002-07-16,5
1538,2003-06-30,5
1539,2000-04-14,8
1539,2000-12-27,8
1539,2002-04-21,8
1539,2003-01-04,8
1539,2003-10-19,8
1540,2000-04-19,3
1540,2001-02-09,3
1540,2001-12-21,3
1540,2003-04-13,4
1540,2004-01-18,4
1541,1999-12-16,1
1541,2000-07-03,1
1541,2001-05-23,1
1541,2003-05-06,1
1541,2004-04-12,0
1542,1999-07-11,7
1542,2000-11-06,7
1542,2001-07-21,7
1542,2002-05-24,7
1542,2004-01-14,7
1543,1999-05-22,7
1543,2000-11-07,7
1543,2001-07-25,7
1543,2002-06-27,7
1543,2004-04-28,7
1544,1999-12-21,1
1544,2000-12-26,1
1544,2001-07-21,1
1544,2002-05-26,1
1544,2003-06-20,1
1545,1999-12-19,2
1545,2000-11-18,2
1545,2001-12-12,2
1545,2003-03-28,2
1545,2004-05-12,2
1546,1999-07-27,8
1546,2000-10-10,8
1546,2002-03-01,8
1546,2002-06-30,8
1546,2003-09-24,8
1547,2000-03-24,2
1547,2000-08-09,2
1547,2001-07-19,2
1547,2003-05-10,2
1547,2003-11-17,1
1548,2000-04-20,2
1548,2000-08-25,2
1548,2001-06-23,2
1548,2003-01-22,2
1548,2004-01-08,2
1549,1999-12-21,8
1549,2000-06-01,8
1549,2001-11-13,8
1549,2002-05-28,8
1549,2003-05-20,8
1550,1999-08-23,3
1550,2000-12-22,3
1550,2001-05-21,3
1550,2002-07-26,3
1550,2003-10-01,3
1551,1999-06-27,6
1551,2000-11-11,8
1551,2001-12-17,8
1551,2002-09-17,8
1551,2004-02-18,4
1552,2000-01-26,2
1552,2001-02-27,2
1552,2002-04-20,2
1552,2003-05-10,2
1552,2003-09-17,2
1553,1999-07-27,1
1553,2000-05-21,1
1553,2001-05-28,2
1553,2003-01-04,2
1553,2004-03-16,2
1554,1999-09-03,6
1554,2000-10-23,6
1554,2002-01-16,4
1554,2002-07-07,4
1554,2004-01-11,4
1555,2000-02-04,7
1555,2000-07-06,7
1555,2001-10-21,7
1555,2003-03-23,7
1555,2003-08-27,7
1556,1999-10-04,1
1556,2000-08-18,1
1556,2002-01-27,1
1556,2003-04-24,1
1556,2003-09-26,1
1557,2000-04-01,8
1557,2000-08-17,8
1557,2001-07-01,8
1557,2003-04-22,8
1557,2004-01-19,8
1558,2000-01-26,5
1558,2000-11-18,5
1558,2002-03-26,5
1558,2002-12-28,5
1558,2003-09-22,5
1559,2000-04-03,7
1559,2000-09-19,7
1559,2001-10-27,7
1559,2003-05-13,7
1559,2003-08-20,7
1560,2000-05-13,5
1560,2001-05-03,5
1560,2001-12-22,8
1560,2003-04-28,8
1560,2003-06-14,8
1561,2000-02-04,4
1561,2000-09-25,6
1561,2001-10-25,6
1561,2003-01-28,5
1561,2003-09-14,5
1562,2000-03-10,3
1562,2000-12-09,3
1562,2001-10-23,3
1562,2002-09-22,3
1562,2004-04-19,3
1563,2000-01-07,0
1563,2001-02-16,0
1563,2001-09-23,0
1563,2003-01-12,0
1563,2003-09-18,0
1564,1999-11-28,5
1564,2000-05-28,5
1564,2001-10-17,5
1564,2002-10-07,5
1564,2004-01-22,5
1565,1999-06-11,5
1565,2001-04-06,5
1565,2002-02-01,3
1565,2002-08-20,3
1565,2003-12-31,3
1566,1999-07-03,3
1566,2001-05-13,3
1566,2001-10-14,3
1566,2003-05-12,3
1566,2004-01-13,3
1567,2000-04-24,6
1567,2001-04-22,5
1567,2002-04-16,5
1567,2002-11-14,5
1567,2003-09-12,4
1568,1999-12-19,3
1568,2000-11-30,3
1568,2001-10-11,8
1568,2003-01-21,8
1568,2004-04-07,8
1569,2000-04-07,7
1569,2000-07-31,7
1569,2001-07-29,7
1569,2002-11-09,7
1569,2003-07-26,7
1570,1999-09-16,4
1570,2000-06-25,3
1570,2001-12-21,3
1570,2003-05-14,3
1570,2003-07-11,5
1571,1999-08-05,1
1571,2001-01-06,1
1571,2002-05-10,1
1571,2002-07-02,1
1571,2003-11-12,1
1572,2000-02-24,7
1572,2000-08-29,7
1572,2001-10-25,7
1572,2002-12-10,7
1572,2003-06-04,7
1573,2000-03-19,5
1573,2001-01-18,6
1573,2001-05-28,8
1573,2003-01-05,8
1573,2004-01-08,8
1574,2000-04-14,6
1574,2000-07-15,8
1574,2001-12-16,8
1574,2003-04-19,8
1574,2003-12-06,8
1575,1999-10-29,5
1575,2001-02-21,5
1575,2001-08-31,5
1575,2002-06-05,5
1575,2003-08-27,8
1576,2000-03-04,5
1576,2000-07-20,5
1576,2001-08-31,6
1576,2002-09-22,6
1576,2003-10-06,8
1577,1999-08-13,6
1577,2001-05-19,6
1577,2001-10-25,6
1577,2003-03-07,5
1577,2003-07-20,5
1578,1999-09-07,7
1578,2001-04-16,7
1578,2001-08-01,7
1578,2003-02-12,7
1578,2003-10-04,7
1579,2000-05-13,7
1579,2000-10-12,7
1579,2001-09-13,7
1579,2003-03-15,7
1579,2003-11-27,7
1580,1999-10-24,3
1580,2000-06-14,3
1580,2001-09-18,3
1580,2003-02-06,3
1580,2003-08-23,3
1581,2000-05-03,7
1581,2001-04-26,7
1581,2001-08-27,7
1581,2002-05-24,7
1581,2003-07-15,7
1582,1999-10-23,7
1582,2001-02-10,7
1582,2002-03-03,7
1582,2002-08-03,7
1582,2004-02-17,7
1583,2000-03-04,1
1583,2000-06-12,1
1583,2002-03-08,1
1583,2003-04-12,1
1583,2004-03-22,3
1584,1999-10-22,5
1584,2001-05-17,5
1584,2001-12-25,5
1584,2003-01-17,7
1584,2003-07-11,7
1585,2000-01-23,7
1585,2000-08-02,7
1585,2001-07-28,7
1585,2002-11-22,7
1585,2003-10-09,7
1586,1999-06-17,8
1586,2001-04-20,8
1586,2002-02-12,8
1586,2002-08-18,8
1586,2004-04-13,8
1587,1999-06-18,2
1587,2000-10-28,2
1587,2001-09-21,2
1587,2002-07-15,2
1587,2004-03-22,2
1588,1999-11-22,6
1588,2000-10-11,3
1588,2001-12-22,3
1588,2003-01-01,3
1588,2004-01-31,3
1589,2000-04-07,2
1589,2000-09-04,2
1589,2001-12-22,3
1589,2002-06-19,3
1589,2003-07-18,3
1590,1999-08-23,7
1590,2000-05-21,7
1590,2001-07-12,7
1590,2002-05-21,7
1590,2003-10-01,7
1591,2000-02-23,5
1591,2000-08-09,5
1591,2001-12-30,6
1591,2003-01-19,8
1591,2003-09-07,8
1592,1999-07-10,1
1592,2001-03-09,1
1592,2001-08-09,2
1592,2002-07-23,2
1592,2003-11-10,2
1593,1999-08-19,3
1593,2000-12-04,3
1593,2002-02-05,4
1593,2002-11-13,5
1593,2004-03-01,5
1594,1999-12-17,7
1594,2000-10-24,7
1594,2001-08-07,7
1594,2003-02-26,7
1594,2003-10-02,7
1595,2000-02-10,5
1595,2000-09-22,5
1595,2001-08-22,5
1595,2002-05-29,5
1595,2003-06-06,5
1596,1999-08-16,4
1596,2000-09-20,4
1596,2001-11-09,4
1596,2002-11-14,4
1596,2003-08-29,4
1597,1999-11-12,5
1597,2001-04-16,5
1597,2001-06-28,6
1597,2002-11-03,5
1597,2004-03-08,5
1598,1999-07-12,0
1598,2000-07-09,0
1598,2001-05-23,0
1598,2002-08-17,0
1598,2004-03-23,0
1599,1999-06-27,5
1599,2000-11-07,5
1599,2002-01-10,4
1599,2003-02-13,4
1599,2004-04-29,4
1600,1999-07-17,8
1600,2000-08-13,8
1600,2002-01-18,8
1600,2002-08-13,8
1600,2003-10-28,8
1601,1999-10-03,1
1601,2001-04-20,2
1601,2002-01-29,3
1601,2003-04-01,3
1601,2003-07-16,3
1602,1999-09-06,5
1602,2001-05-13,5
1602,2002-03-04,4
1602,2002-06-07,4
1602,2003-07-10,5
1603,2000-02-14,8
1603,2000-06-22,8
1603,2002-03-08,8
1603,2003-02-09,8
1603,2003-05-28,1
1604,2000-01-09,1
1604,2000-12-03,1
1604,2002-05-10,1
1604,2002-12-20,1
1604,2003-06-21,1
1605,2000-01-27,6
1605,2001-04-21,6
1605,2001-09-05,6
1605,2003-03-05,6
1605,2003-12-16,8
1606,2000-05-02,7
1606,2000-11-27,7
1606,2001-05-26,7
1606,2002-07-02,7
1606,2004-02-19,7
1607,1999-10-02,2
1607,2000-12-05,2
1607,2001-10-06,2
1607,2002-08-05,2
1607,2003-07-14,2
1608,2000-05-10,3
1608,2000-09-23,3
1608,2002-03-31,3
1608,2002-10-10,3
1608,2003-10-05,3
1609,1999-12-27,1
1609,2000-10-19,1
1609,2001-08-15,1
1609,2003-04-03,1
1609,2003-09-24,1
1610,1999-09-04,5
1610,2001-01-04,5
1610,2002-05-06,5
1610,2003-02-14,5
1610,2003-06-25,5
1611,1999-06-30,7
1611,2000-11-18,7
1611,2002-05-13,7
1611,2002-11-20,7
1611,2003-09-03,7
1612,1999-09-11,3
1612,2000-10-11,3
1612,2001-09-21,3
1612,2002-07-09,3
1612,2004-04-01,3
1613,2000-04-28,6
1613,2001-01-24,6
1613,2001-07-18,5
1613,2002-10-01,5
1613,2003-11-03,5
1614,1999-08-04,2
1614,2000-11-03,2
1614,2002-04-27,2
1614,2002-11-07,2
1614,2003-05-20,2
1615,1999-06-30,6
1615,2001-04-20,6
1615,2002-04-01,6
1615,2003-03-29,5
1615,2003-11-08,5
1616,1999-10-27,5
1616,2001-01-12,8
1616,2001-05-24,8
1616,2002-07-23,8
1616,2004-04-01,8
1617,2000-01-02,1
1617,2000-10-23,1
1617,2001-08-13,1
1617,2002-05-25,1
1617,2004-01-08,1
1618,2000-03-18,7
1618,2000-12-01,7
1618,2002-05-18,7
1618,2002-10-13,7
1618,2003-07-28,7
1619,1999-12-09,3
1619,2000-09-06,3
1619,2002-01-15,3
1619,2003-05-03,3
1619,2003-08-03,3
1620,1999-08-29,1
1620,2001-03-28,1
1620,2001-12-06,1
1620,2002-05-20,1
1620,2004-03-21,1
1621,1999-07-25,0
1621,2000-06-03,0
1621,2002-02-26,8
1621,2003-04-23,8
1621,2004-04-20,8
1622,1999-08-01,2
1622,2000-05-20,2
1622,2002-04-10,2
1622,2002-05-28,2
1622,2004-05-16,2
1623,1999-08-13,3
1623,2000-10-23,3
1623,2002-01-23,3
1623,2002-12-20,3
1623,2003-06-23,3
1624,2000-02-22,7
1624,2000-07-07,7
1624,2002-02-24,7
1624,2003-03-27,7
1624,2003-08-27,7
1625,2000-01-21,3
1625,2000-09-18,3
1625,2001-12-01,8
1625,2003-03-29,8
1625,2004-03-22,8
1626,2000-02-06,7
1626,2001-04-09,7
1626,2002-03-27,7
1626,2003-03-20,7
1626,2004-05-01,7
1627,1999-09-04,6
1627,2000-12-21,8
1627,2001-09-15,8
1627,2002-11-08,8
1627,2004-04-12,8
1628,1999-10-22,2
1628,2001-02-25,2
1628,2001-08-02,2
1628,2002-07-08,2
1628,2003-10-12,2
1629,1999-09-03,5
1629,2000-07-10,8
1629,2001-10-11,8
1629,2002-08-05,8
1629,2003-11-27,8
1630,2000-03-07,6
1630,2001-02-19,6
1630,2002-04-07,3
1630,2002-05-28,3
1630,2004-03-11,3
1631,2000-03-07,8
1631,2000-11-17,8
1631,2002-02-18,8
1631,2002-08-05,8
1631,2003-11-09,8
1632,2000-03-24,0
1632,2000-10-30,0
1632,2002-02-27,0
1632,2003-02-03,0
1632,2004-01-09,0
1633,2000-02-26,3
1633,2000-10-18,3
1633,2001-08-12,3
1633,2002-06-20,5
1633,2003-12-25,5
1634,2000-01-05,0
1634,2000-10-19,0
1634,2002-01-30,0
1634,2002-12-29,0
1634,2004-04-10,2
1635,1999-05-28,6
1635,2001-04-21,7
1635,2002-01-24,7
1635,2002-12-27,7
1635,2003-07-09,7
1636,2000-03-19,4
1636,2001-02-06,4
1636,2001-11-03,4
1636,2002-10-05,5
1636,2003-12-15,6
1637,1999-11-08,4
1637,2000-11-05,5
1637,2001-11-02,8
1637,2003-01-08,8
1637,2003-10-01,8
1638,1999-07-14,5
1638,2000-08-12,5
1638,2002-05-12,8
1638,2002-10-10,8
1638,2003-12-29,8
1639,2000-05-17,3
1639,2000-10-23,3
1639,2002-02-24,3
1639,2002-11-11,3
1639,2003-09-09,8
1640,1999-07-22,1
1640,2000-12-19,2
1640,2002-01-20,2
1640,2003-02-15,2
1640,2003-07-13,2
1641,1999-12-01,7
1641,2000-06-10,7
1641,2002-03-13,7
1641,2003-04-24,7
1641,2004-01-04,7
1642,2000-02-29,3
1642,2000-09-05,3
1642,2001-07-31,3
1642,2003-01-12,3
1642,2004-03-13,3
1643,1999-06-01,2
1643,2000-08-11,2
1643,2001-11-20,2
1643,2003-04-07,2
1643,2004-04-18,2
1644,1999-11-09,8
1644,2001-03-02,4
1644,2002-01-14,5
1644,2003-01-08,5
1644,2004-02-11,5
1645,1999-11-25,2
1645,2000-10-19,2
1645,2002-03-10,2
1645,2002-07-07,2
1645,2004-02-21,2
1646,2000-04-28,3
1646,2000-11-22,3
1646,2002-02-26,3
1646,2002-05-28,3
1646,2004-01-09,3
1647,1999-09-06,4
1647,2001-01-20,4
1647,2001-12-19,4
1647,2002-08-19,3
1647,2003-12-10,3
1648,1999-09-07,1
1648,2000-11-29,1
1648,2002-01-14,1
1648,2002-08-16,1
1648,2003-06-15,1
1649,1999-09-11,8
1649,2001-03-18,8
1649,2001-08-19,8
1649,2003-02-03,8
1649,2003-07-21,8
1650,1999-06-15,7
1650,2001-03-10,7
1650,2001-10-16,7
1650,2002-07-06,7
1650,2004-05-06,7
1651,1999-12-14,0
1651,2000-11-24,0
1651,2001-07-29,0
1651,2002-06-15,0
1651,2004-04-02,0
1652,2000-03-26,0
1652,2000-11-22,0
1652,2001-11-20,0
1652,2003-01-19,0
1652,2003-06-04,0
1653,1999-11-12,2
1653,2000-07-09,2
1653,2001-07-18,2
1653,2002-06-05,2
1653,2004-02-02,2
1654,1999-10-20,8
1654,2000-10-25,8
1654,2002-03-14,8
1654,2002-11-18,8
1654,2003-11-04,8
1655,1999-08-13,0
1655,2000-12-06,0
1655,2001-07-01,0
1655,2002-11-15,0
1655,2003-07-31,1
1656,1999-12-21,5
1656,2000-12-29,5
1656,2001-11-17,5
1656,2002-12-18,5
1656,2004-05-01,5
1657,1999-12-15,3
1657,2000-07-10,3
1657,2001-06-18,3
1657,2003-04-04,3
1657,2003-10-06,4
1658,1999-09-14,7
1658,2001-01-09,7
1658,2001-11-22,7
1658,2003-02-23,7
1658,2003-07-31,7
1659,1999-08-15,8
1659,2001-01-06,8
1659,2002-01-26,8
1659,2002-12-02,8
1659,2004-01-21,8
1660,1999-08-13,2
1660,2000-08-22,2
1660,2002-02-07,2
1660,2003-04-01,2
1660,2004-04-05,4
1661,1999-10-02,8
1661,2001-03-19,8
1661,2001-09-11,8
1661,2002-12-10,8
1661,2004-01-23,8
1662,2000-03-02,1
1662,2000-10-07,1
1662,2001-09-02,1
1662,2003-01-14,1
1662,2003-09-02,1
1663,2000-03-11,3
1663,2000-08-01,8
1663,2001-06-05,8
1663,2002-06-27,8
1663,2004-02-14,8
1664,1999-09-09,0
1664,2000-07-27,0
1664,2001-12-10,8
1664,2002-10-14,8
1664,2004-01-28,8
1665,1999-09-13,1
1665,2001-04-21,2
1665,2001-11-10,2
1665,2003-02-01,2
1665,2003-07-22,2
1666,1999-06-04,4
1666,2000-06-06,3
1666,2002-03-20,3
1666,2002-08-19,2
1666,2003-11-10,2
1667,1999-09-23,0
1667,2000-05-28,0
1667,2002-01-19,0
1667,2002-06-28,0
1667,2004-02-20,0
1668,1999-08-19,4
1668,2001-01-10,4
1668,2002-02-03,5
1668,2002-06-22,5
1668,2004-04-14,5
1669,2000-03-24,1
1669,2000-12-08,1
1669,2001-11-12,1
1669,2003-03-31,1
1669,2003-08-22,8
1670,2000-04-14,0
1670,2000-12-03,0
1670,2001-08-31,0
1670,2002-09-07,0
1670,2003-08-21,0
1671,1999-11-25,8
1671,2000-06-23,8
1671,2001-07-21,8
1671,2002-11-29,8
1671,2003-10-13,8
1672,2000-04-16,5
1672,2000-06-30,5
1672,2002-04-07,5
1672,2002-12-19,5
1672,2003-06-30,5
1673,2000-01-03,5
1673,2000-06-05,6
1673,2001-08-28,6
1673,2002-09-19,6
1673,2003-07-27,6
1674,1999-10-07,2
1674,2001-03-04,3
1674,2002-03-28,3
1674,2002-10-05,3
1674,2004-03-07,3
1675,2000-01-25,5
1675,2000-10-16,7
1675,2001-08-22,7
1675,2003-03-25,7
1675,2003-08-03,7
1676,1999-09-06,3
1676,2001-01-06,3
1676,2001-09-30,3
1676,2002-05-23,3
1676,2004-02-03,8
1677,2000-02-06,4
1677,2000-12-31,3
1677,2002-04-11,3
1677,2003-04-06,4
1677,2003-12-19,4
1678,1999-09-14,7
1678,2001-02-12,7
1678,2002-05-08,7
1678,2002-10-17,7
1678,2003-06-08,7
1679,1999-11-21,4
1679,2001-04-19,4
1679,2002-03-24,4
1679,2002-12-22,4
1679,2003-06-16,3
1680,1999-09-29,7
1680,2001-04-13,7
1680,2001-07-11,7
1680,2002-09-21,7
1680,2004-03-17,7
1681,1999-12-05,8
1681,2000-07-04,8
1681,2002-03-27,8
1681,2003-01-05,8
1681,2004-04-19,8
1682,1999-06-23,2
1682,2001-01-05,1
1682,2001-12-22,1
1682,2003-01-07,1
1682,2003-12-22,1
1683,2000-05-16,7
1683,2000-12-05,7
1683,2001-11-25,7
1683,2002-11-26,7
1683,2003-11-14,7
1684,1999-09-21,4
1684,2000-09-09,4
1684,2002-04-01,4
1684,2002-12-17,8
1684,2003-11-12,8
1685,1999-12-17,3
1685,2000-10-15,3
1685,2002-04-01,3
1685,2002-11-18,4
1685,2003-11-22,4
1686,1999-07-09,5
1686,2000-07-11,5
1686,2002-03-18,5
1686,2003-03-28,6
1686,2004-05-15,6
1687,2000-04-25,8
1687,2000-07-15,8
1687,2001-10-26,8
1687,2002-11-09,8
1687,2004-04-21,8
1688,2000-02-13,2
1688,2001-04-27,2
1688,2002-03-01,2
1688,2003-02-27,2
1688,2003-12-05,2
1689,1999-07-05,3
1689,2000-07-03,3
1689,2001-07-18,3
1689,2003-01-25,3
1689,2003-09-05,3
1690,2000-02-03,1
1690,2000-11-18,1
1690,2002-04-30,1
1690,2003-04-30,1
1690,2004-01-08,1
1691,2000-03-15,3
1691,2001-03-16,3
1691,2001-12-17,3
1691,2003-04-05,5
1691,2003-08-24,4
1692,1999-08-13,6
1692,2001-03-22,6
1692,2001-12-29,6
1692,2002-07-19,5
1692,2004-02-03,5
1693,1999-09-22,6
1693,2000-10-25,6
1693,2001-09-07,8
1693,2002-11-16,8
1693,2003-12-02,8
1694,2000-01-22,8
1694,2001-03-24,8
1694,2002-05-05,8
1694,2003-01-23,8
1694,2003-12-03,8
1695,1999-05-21,2
1695,2001-05-13,2
1695,2001-09-17,2
1695,2002-11-28,2
1695,2004-03-03,2
1696,1999-06-18,1
1696,2000-12-28,1
1696,2001-09-11,1
1696,2003-02-20,1
1696,2003-11-04,1
1697,2000-01-21,4
1697,2000-08-15,5
1697,2001-11-22,5
1697,2002-10-28,5
1697,2003-12-03,5
1698,1999-09-03,5
1698,2000-07-07,5
1698,2001-11-13,5
1698,2003-02-24,5
1698,2003-08-23,5
1699,1999-05-25,5
1699,2000-08-25,8
1699,2001-10-23,8
1699,2003-04-04,8
1699,2003-11-24,8
1700,1999-08-09,4
1700,2001-05-06,3
1700,2001-10-22,3
1700,2002-08-31,3
1700,2004-04-23,3
1701,1999-07-06,4
1701,2000-09-27,4
1701,2002-02-15,4
1701,2002-09-20,3
1701,2003-09-12,3
1702,2000-04-27,4
1702,2001-05-06,4
1702,2001-09-03,4
1702,2002-06-08,8
1702,2003-06-10,8
1703,1999-09-11,3
1703,2001-02-05,3
1703,2001-12-15,3
1703,2002-06-17,6
1703,2003-12-26,7
1704,1999-06-03,8
1704,2000-07-07,8
1704,2002-04-17,8
1704,2003-02-07,8
1704,2003-07-12,8
1705,1999-10-14,2
1705,2000-06-06,2
1705,2001-09-10,2
1705,2003-02-06,2
1705,2003-10-26,2
1706,2000-02-11,2
1706,2001-01-14,2
1706,2002-04-16,1
1706,2002-08-07,1
1706,2004-04-22,1
1707,1999-11-23,3
1707,2001-01-17,3
1707,2001-12-11,3
1707,2003-03-20,4
1707,2004-01-28,5
1708,1999-10-12,7
1708,2000-05-23,7
1708,2002-04-27,7
1708,2002-09-26,7
1708,2004-05-06,7
1709,1999-12-18,5
1709,2000-06-01,5
1709,2002-05-07,5
1709,2002-06-13,5
1709,2003-11-16,4
1710,2000-05-15,4
1710,2000-09-17,8
1710,2002-05-05,8
1710,2002-10-10,8
1710,2003-09-26,8
1711,1999-07-20,7
1711,2001-05-14,7
1711,2002-03-03,7
1711,2002-08-25,7
1711,2003-12-08,7
1712,1999-12-09,0
1712,2000-08-31,0
1712,2001-08-04,0
1712,2003-01-29,0
1712,2004-04-30,0
1713,1999-09-03,0
1713,2000-10-09,0
1713,2001-10-06,0
1713,2003-04-25,0
1713,2004-01-29,0
1714,1999-12-08,3
1714,2000-09-28,3
1714,2001-10-16,3
1714,2002-06-25,3
1714,2004-03-30,4
1715,2000-05-12,0
1715,2000-09-19,8
1715,2001-10-12,8
1715,2002-08-05,8
1715,2003-12-19,8
1716,1999-12-01,8
1716,2001-01-15,8
1716,2002-03-14,8
1716,2002-09-08,8
1716,2003-11-25,8
1717,1999-07-21,8
1717,2001-03-26,8
1717,2001-09-12,4
1717,2002-11-10,4
1717,2003-08-11,4
1718,2000-02-15,7
1718,2000-05-21,7
1718,2001-07-17,7
1718,2003-02-10,7
1718,2004-03-25,7
1719,1999-12-16,0
1719,2001-02-24,0
1719,2002-03-27,0
1719,2002-08-30,0
1719,2003-10-02,0
1720,2000-02-13,3
1720,2000-09-18,3
1720,2001-10-26,3
1720,2002-08-08,3
1720,2003-08-05,3
1721,2000-02-12,3
1721,2001-04-25,3
1721,2001-09-25,3
1721,2003-04-16,4
1721,2004-01-16,4
1722,1999-08-27,4
1722,2001-03-30,8
1722,2001-10-22,5
1722,2002-12-15,5
1722,2004-05-18,4
1723,1999-10-29,1
1723,2000-08-04,1
1723,2001-11-04,1
1723,2002-10-11,2
1723,2003-10-12,8
1724,2000-04-03,8
1724,2001-01-20,8
1724,2001-08-22,8
1724,2002-06-25,8
1724,2003-12-29,8
1725,1999-08-12,1
1725,2001-03-29,1
1725,2001-07-19,1
1725,2002-07-11,1
1725,2004-01-11,1
1726,1999-09-22,5
1726,2000-10-28,5
1726,2001-07-24,5
1726,2003-02-23,6
1726,2003-09-16,6
1727,2000-02-22,7
1727,2000-07-01,7
1727,2002-01-07,7
1727,2003-04-09,7
1727,2004-03-19,7
1728,1999-08-08,1
1728,2001-02-21,1
1728,2002-04-16,1
1728,2003-04-25,1
1728,2004-03-18,1
1729,1999-10-05,3
1729,2001-04-03,3
1729,2001-08-09,3
1729,2002-09-10,3
1729,2004-02-10,3
1730,1999-09-11,3
1730,2000-06-25,3
1730,2001-07-14,3
1730,2002-10-21,3
1730,2004-04-22,3
1731,1999-06-15,4
1731,2000-09-07,4
1731,2001-11-20,3
1731,2002-12-06,3
1731,2004-03-19,2
1732,1999-06-02,2
1732,2000-11-17,2
1732,2001-05-29,2
1732,2003-01-06,3
1732,2004-03-09,3
1733,1999-11-27,4
1733,2000-09-16,4
1733,2001-07-27,4
1733,2002-06-30,8
1733,2003-11-10,8
1734,2000-04-27,8
1734,2001-05-11,8
1734,2002-02-05,8
1734,2002-10-01,8
1734,2003-10-22,8
1735,1999-12-04,5
1735,2001-05-09,5
1735,2002-02-12,8
1735,2002-12-24,8
1735,2004-04-06,8
1736,2000-03-25,3
1736,2000-10-23,3
1736,2002-03-12,3
1736,2002-11-21,3
1736,2003-08-15,3
1737,1999-09-02,5
1737,2000-07-29,5
1737,2001-08-13,7
1737,2002-08-22,7
1737,2003-11-17,7
1738,1999-08-16,0
1738,2001-04-02,0
1738,2001-07-16,0
1738,2003-05-06,0
1738,2003-12-28,0
1739,1999-07-20,8
1739,2000-07-01,8
1739,2002-05-03,8
1739,2002-12-13,8
1739,2004-04-18,8
1740,1999-11-16,6
1740,2001-05-02,6
1740,2002-01-06,5
1740,2002-07-15,5
1740,2004-05-10,5
1741,1999-09-12,8
1741,2000-08-03,8
1741,2002-04-19,8
1741,2002-12-02,8
1741,2004-05-06,8
1742,1999-06-03,3
1742,2000-11-10,3
1742,2001-11-07,3
1742,2002-07-20,3
1742,2004-03-20,3
1743,2000-02-09,7
1743,2001-02-14,7
1743,2001-07-16,7
1743,2003-02-18,7
1743,2004-04-28,7
1744,2000-01-13,5
1744,2001-03-16,5
1744,2002-02-27,5
1744,2003-03-16,5
1744,2003-11-14,5
1745,2000-03-06,8
1745,2001-04-15,8
1745,2002-05-18,8
1745,2003-01-28,8
1745,2004-03-23,5
1746,1999-11-21,0
1746,2000-09-28,0
1746,2002-05-10,0
1746,2002-06-16,0
1746,2004-02-06,0
1747,1999-12-07,7
1747,2000-11-23,7
1747,2001-07-24,7
1747,2003-02-27,7
1747,2003-08-08,7
1748,2000-04-09,7
1748,2000-09-07,7
1748,2001-06-19,7
1748,2002-09-18,7
1748,2003-08-17,7
1749,2000-03-12,6
1749,2000-11-16,7
1749,2002-03-03,7
1749,2002-11-07,7
1749,2003-05-31,7
1750,1999-08-31,1
1750,2001-04-07,1
1750,2001-07-07,1
1750,2002-08-16,1
1750,2003-07-09,1
1751,2000-01-28,3
1751,2000-07-25,3
1751,2001-08-01,3
1751,2003-03-31,3
1751,2004-03-28,3
1752,1999-07-05,4
1752,2000-07-23,4
1752,2001-11-24,4
1752,2002-09-20,4
1752,2003-12-08,4
1753,2000-04-02,8
1753,2000-06-01,8
1753,2002-02-22,8
1753,2003-01-26,8
1753,2003-10-13,8
1754,2000-05-08,5
1754,2001-04-18,5
1754,2001-10-25,5
1754,2002-10-08,5
1754,2003-07-20,5
1755,2000-04-16,4
1755,2000-12-25,4
1755,2001-06-28,5
1755,2002-09-24,5
1755,2003-09-10,5
1756,1999-11-13,2
1756,2000-09-13,2
1756,2001-06-25,2
1756,2002-11-28,2
1756,2004-05-11,2
1757,2000-01-02,0
1757,2000-11-10,0
1757,2001-08-24,0
1757,2003-02-17,0
1757,2003-06-16,0
1758,1999-07-24,5
1758,2000-05-25,4
1758,2001-10-31,4
1758,2002-10-20,4
1758,2003-10-24,4
1759,2000-01-15,8
1759,2000-09-04,8
1759,2001-12-23,8
1759,2003-02-05,8
1759,2003-06-14,8
1760,1999-09-03,4
1760,2001-02-06,4
1760,2002-04-28,4
1760,2002-08-05,5
1760,2004-04-04,5
1761,2000-04-17,4
1761,2000-06-23,4
1761,2001-06-23,4
1761,2003-01-08,4
1761,2003-08-25,4
1762,1999-07-06,8
1762,2000-09-23,8
1762,2002-02-25,8
1762,2002-11-23,8
1762,2004-01-08,8
1763,1999-12-17,0
1763,2001-04-18,0
1763,2001-07-13,0
1763,2002-10-08,0
1763,2004-02-23,8
1764,1999-10-01,6
1764,2001-03-06,6
1764,2002-01-27,5
1764,2003-02-22,5
1764,2003-12-29,5
1765,2000-01-16,3
1765,2001-02-27,3
1765,2001-07-22,3
1765,2002-09-24,3
1765,2004-04-24,3
1766,1999-09-29,8
1766,2000-09-19,8
1766,2002-05-10,8
1766,2002-09-25,8
1766,2004-02-19,8
1767,2000-04-16,5
1767,2000-08-27,5
1767,2001-11-30,5
1767,2003-03-17,5
1767,2004-01-18,5
1768,2000-03-06,5
1768,2000-05-30,6
1768,2001-07-08,6
1768,2002-10-04,6
1768,2004-04-19,6
1769,1999-11-24,0
1769,2000-07-04,0
1769,2001-05-28,8
1769,2002-10-27,8
1769,2003-07-07,8
1770,1999-10-31,6
1770,2000-07-10,5
1770,2001-08-04,5
1770,2002-12-13,5
1770,2003-07-29,5
1771,2000-05-08,5
1771,2000-10-27,5
1771,2002-04-08,6
1771,2002-05-29,6
1771,2003-09-16,5
1772,1999-11-15,6
1772,2000-06-25,6
1772,2001-09-30,6
1772,2003-02-14,6
1772,2003-10-25,7
1773,1999-05-27,8
1773,2000-08-15,8
1773,2002-01-20,8
1773,2002-10-12,8
1773,2003-07-08,8
1774,2000-03-27,5
1774,2000-07-26,5
1774,2001-11-08,6
1774,2002-06-09,6
1774,2004-02-07,6
1775,1999-07-03,4
1775,2000-10-14,4
1775,2001-07-05,4
1775,2003-03-09,4
1775,2003-10-07,4
1776,2000-03-13,3
1776,2000-12-04,3
1776,2001-07-24,3
1776,2003-04-01,3
1776,2003-12-21,3
1777,2000-01-19,5
1777,2000-08-24,4
1777,2001-09-19,4
1777,2002-07-23,4
1777,2003-11-25,5
1778,2000-04-12,8
1778,2000-12-13,8
1778,2002-01-14,8
1778,2002-11-12,8
1778,2004-01-06,1
1779,1999-06-24,2
1779,2000-12-03,2
1779,2001-11-06,2
1779,2002-07-08,2
1779,2003-08-16,2
1780,1999-11-30,4
1780,2000-05-31,4
1780,2002-02-13,4
1780,2003-01-07,4
1780,2004-01-22,4
1781,1999-06-12,2
1781,2001-02-04,2
1781,2002-02-03,2
1781,2002-09-14,2
1781,2004-03-26,2
1782,2000-04-14,3
1782,2001-03-13,2
1782,2001-12-13,2
1782,2002-06-08,2
1782,2003-06-06,2
1783,2000-03-27,6
1783,2000-09-16,6
1783,2001-05-29,5
1783,2002-05-31,5
1783,2003-10-20,5
1784,1999-06-24,2
1784,2001-02-22,2
1784,2001-11-03,2
1784,2002-11-28,2
1784,2004-03-30,2
1785,2000-01-06,8
1785,2000-07-01,8
1785,2001-08-12,8
1785,2002-07-30,8
1785,2004-01-11,8
1786,1999-12-20,1
1786,2000-08-16,1
1786,2001-12-12,1
1786,2003-05-12,1
1786,2003-05-22,1
1787,2000-03-06,3
1787,2001-05-12,3
1787,2001-07-06,5
1787,2002-06-23,5
1787,2004-01-22,5
1788,1999-12-03,7
1788,2000-09-21,7
1788,2002-01-14,7
1788,2002-10-10,7
1788,2004-04-19,7
1789,1999-11-13,4
1789,2001-03-19,4
1789,2001-11-30,3
1789,2003-02-11,3
1789,2003-08-24,3
1790,2000-04-04,2
1790,2000-07-07,2
1790,2002-02-06,2
1790,2003-01-03,2
1790,2003-07-13,8
1791,1999-09-26,4
1791,2001-02-16,5
1791,2001-12-16,5
1791,2002-12-22,5
1791,2004-03-08,5
1792,2000-02-08,1
1792,2000-11-23,1
1792,2001-07-20,2
1792,2003-02-02,2
1792,2003-11-26,8
1793,1999-11-01,5
1793,2000-09-16,5
1793,2001-06-13,5
1793,2003-02-11,5
1793,2004-04-02,4
1794,1999-09-21,3
1794,2000-10-14,3
1794,2001-06-19,3
1794,2003-01-13,3
1794,2004-05-16,3
1795,1999-08-03,5
1795,2000-12-31,5
1795,2002-03-31,5
1795,2003-03-17,6
1795,2004-05-04,6
1796,1999-12-26,3
1796,2001-02-12,3
1796,2001-11-29,3
1796,2002-11-14,3
1796,2004-04-23,3
1797,1999-06-08,6
1797,2000-06-02,5
1797,2001-07-06,5
1797,2003-03-10,5
1797,2003-07-10,5
1798,1999-12-06,8
1798,2001-03-11,8
1798,2001-07-10,3
1798,2002-08-14,3
1798,2004-04-06,3
1799,1999-11-29,0
1799,2000-08-20,2
1799,2002-04-08,3
1799,2003-01-24,3
1799,2004-03-05,3
1800,1999-07-15,8
1800,2001-03-26,8
1800,2002-01-30,8
1800,2002-10-02,8
1800,2003-07-31,8
1801,2000-02-20,2
1801,2000-12-14,2
1801,2002-05-03,2
1801,2002-08-28,2
1801,2004-01-09,2
1802,2000-03-21,5
1802,2001-03-17,4
1802,2001-12-26,4
1802,2002-10-21,3
1802,2003-09-15,3
1803,1999-07-27,1
1803,2000-06-17,1
1803,2002-03-12,1
1803,2003-02-15,1
1803,2003-08-20,1
1804,1999-06-06,7
1804,2000-10-15,7
1804,2001-11-19,7
1804,2003-05-14,7
1804,2003-12-16,7
1805,1999-08-09,7
1805,2000-12-31,7
1805,2002-03-30,7
1805,2002-06-21,7
1805,2004-03-13,7
1806,1999-11-03,8
1806,2000-10-14,8
1806,2002-04-04,8
1806,2003-03-11,8
1806,2004-03-11,8
1807,1999-08-15,0
1807,2001-02-03,0
1807,2001-06-15,0
1807,2003-01-03,0
1807,2004-03-04,0
1808,1999-07-09,7
1808,2000-05-22,7
1808,2001-07-10,7
1808,2003-03-27,7
1808,2003-12-22,7
1809,1999-08-03,7
1809,2000-10-27,7
1809,2002-04-17,7
1809,2002-10-04,7
1809,2004-02-19,7
1810,2000-03-09,5
1810,2001-02-23,8
1810,2001-06-27,8
1810,2002-07-11,8
1810,2003-11-21,8
1811,1999-07-31,8
1811,2000-05-24,8
1811,2001-10-03,8
1811,2002-05-24,8
1811,2004-02-04,8
1812,1999-11-09,3
1812,2000-11-13,3
1812,2001-09-23,3
1812,2003-03-24,3
1812,2004-04-27,3
1813,1999-10-31,3
1813,2001-01-02,3
1813,2002-01-21,3
1813,2002-12-24,3
1813,2004-01-09,3
1814,2000-04-30,5
1814,2000-12-30,5
1814,2001-08-09,8
1814,2003-01-07,8
1814,2004-05-07,8
1815,1999-07-06,2
1815,2001-02-15,2
1815,2001-09-30,2
1815,2003-04-01,2
1815,2004-01-18,2
1816,2000-03-19,0
1816,2000-08-02,0
1816,2001-06-15,0
1816,2002-09-29,0
1816,2003-10-28,0
1817,2000-02-27,6
1817,2000-10-01,3
1817,2002-01-20,3
1817,2003-02-26,8
1817,2003-11-17,8
1818,2000-04-30,5
1818,2000-07-10,5
1818,2002-04-13,5
1818,2002-07-04,5
1818,2003-05-29,5
1819,2000-03-07,3
1819,2000-09-25,3
1819,2002-01-12,3
1819,2003-01-08,2
1819,2003-12-16,2
1820,1999-10-19,8
1820,2001-03-11,8
1820,2001-06-30,8
1820,2002-06-08,8
1820,2003-09-19,8
1821,1999-11-16,3
1821,2001-05-10,2
1821,2002-03-23,2
1821,2002-12-20,8
1821,2003-06-29,8
1822,1999-10-24,8
1822,2000-12-10,8
1822,2001-08-03,8
1822,2002-08-03,8
1822,2003-10-30,8
1823,1999-11-24,7
1823,2000-11-18,7
1823,2002-03-07,7
1823,2002-11-08,7
1823,2004-03-04,7
1824,1999-11-06,0
1824,2000-08-25,0
1824,2001-10-04,0
1824,2002-08-05,0
1824,2004-05-12,0
1825,1999-10-13,3
1825,2001-03-17,3
1825,2001-09-15,3
1825,2002-11-22,3
1825,2004-04-30,3
1826,2000-03-02,1
1826,2000-09-20,1
1826,2001-11-19,1
1826,2003-05-07,1
1826,2003-11-04,1
1827,2000-01-23,7
1827,2001-04-26,7
1827,2002-01-06,7
1827,2002-09-15,7
1827,2003-08-12,7
1828,2000-02-07,2
1828,2001-03-17,2
1828,2002-01-29,2
1828,2002-08-20,2
1828,2004-03-12,2
1829,2000-04-03,5
1829,2000-08-14,5
1829,2001-06-30,5
1829,2003-02-16,5
1829,2003-07-19,5
1830,1999-06-23,0
1830,2001-04-01,0
1830,2002-02-17,0
1830,2003-03-18,0
1830,2003-08-27,0
1831,1999-09-11,3
1831,2001-04-13,8
1831,2002-03-07,8
1831,2003-01-22,8
1831,2003-11-06,8
1832,1999-07-05,8
1832,2001-05-11,8
1832,2002-02-07,8
1832,2002-12-14,8
1832,2003-12-20,8
1833,2000-05-11,1
1833,2000-08-23,1
1833,2002-03-18,1
1833,2003-04-20,1
1833,2003-10-04,2
1834,1999-06-08,1
1834,2001-01-20,1
1834,2001-10-17,1
1834,2002-10-04,1
1834,2004-01-08,1
1835,2000-03-18,0
1835,2000-08-28,0
1835,2002-03-02,0
1835,2003-03-16,0
1835,2003-08-07,0
1836,1999-07-18,7
1836,2000-09-25,7
1836,2002-01-18,7
1836,2003-05-12,7
1836,2003-06-27,7
1837,2000-04-09,6
1837,2000-10-22,8
1837,2001-12-21,8
1837,2003-02-22,8
1837,2003-08-18,8
1838,1999-12-30,7
1838,2000-10-10,7
1838,2001-08-21,7
1838,2003-02-02,7
1838,2003-07-12,7
1839,2000-01-25,3
1839,2001-01-12,3
1839,2001-12-21,4
1839,2002-11-28,4
1839,2003-07-20,4
1840,1999-12-07,4
1840,2000-11-15,4
1840,2002-04-11,4
1840,2002-11-24,4
1840,2003-10-07,4
1841,1999-10-10,8
1841,2001-01-30,8
1841,2001-10-18,8
1841,2002-07-05,8
1841,2003-12-26,5
1842,1999-07-24,5
1842,2000-10-30,5
1842,2001-06-27,5
1842,2002-11-09,5
1842,2003-06-27,5
1843,1999-11-24,1
1843,2000-08-24,1
1843,2001-09-06,1
1843,2003-03-04,1
1843,2003-10-04,1
1844,2000-01-28,2
1844,2001-02-13,2
1844,2002-01-30,2
1844,2002-10-04,2
1844,2004-01-03,2
1845,2000-02-24,0
1845,2000-07-20,0
1845,2001-07-03,0
1845,2002-11-16,0
1845,2004-01-21,0
1846,1999-08-25,0
1846,2000-10-10,0
1846,2001-12-22,0
1846,2002-05-23,0
1846,2004-05-07,0
1847,1999-05-27,6
1847,2001-03-23,8
1847,2001-07-23,8
1847,2003-03-23,8
1847,2004-04-18,8
1848,1999-12-20,1
1848,2001-03-18,1
1848,2001-07-16,1
1848,2003-05-04,1
1848,2004-03-18,1
1849,1999-06-22,0
1849,2000-09-02,0
1849,2002-02-13,0
1849,2002-09-23,0
1849,2003-08-07,0
1850,2000-03-12,8
1850,2000-12-22,8
1850,2001-05-23,8
1850,2003-04-12,8
1850,2003-12-02,8
1851,1999-06-02,7
1851,2001-01-06,7
1851,2001-07-16,7
1851,2003-02-13,7
1851,2004-05-16,7
1852,1999-11-18,1
1852,2001-02-24,1
1852,2001-06-06,1
1852,2003-05-09,1
1852,2004-03-20,1
1853,1999-05-24,5
1853,2000-06-29,6
1853,2001-12-01,8
1853,2002-10-12,8
1853,2004-04-29,8
1854,1999-07-19,1
1854,2000-05-23,2
1854,2001-08-18,2
1854,2002-10-31,2
1854,2003-08-14,2
1855,1999-08-05,1
1855,2000-07-08,1
1855,2001-11-03,1
1855,2002-07-11,1
1855,2004-02-03,1
1856,2000-03-16,7
1856,2000-12-12,7
1856,2001-08-05,7
1856,2002-06-06,7
1856,2004-02-22,7
1857,1999-05-31,8
1857,2001-04-06,8
1857,2001-12-20,8
1857,2003-01-11,8
1857,2003-12-22,8
1858,1999-06-19,2
1858,2000-06-06,2
1858,2001-12-25,2
1858,2003-01-04,2
1858,2004-05-09,3
1859,1999-06-18,5
1859,2001-05-19,5
1859,2002-04-25,5
1859,2003-02-06,5
1859,2004-03-31,8
1860,1999-09-03,4
1860,2000-10-23,4
1860,2001-09-22,4
1860,2002-09-18,8
1860,2003-12-06,8
1861,1999-10-24,3
1861,2000-06-10,3
1861,2002-01-20,3
1861,2003-02-28,3
1861,2003-07-02,3
1862,2000-01-18,2
1862,2000-09-27,2
1862,2001-07-21,2
1862,2003-02-05,2
1862,2004-02-02,2
1863,1999-09-13,2
1863,2000-06-26,2
1863,2002-02-25,2
1863,2003-02-11,2
1863,2004-04-18,2
1864,1999-12-11,5
1864,2001-01-21,5
1864,2001-08-03,5
1864,2002-05-31,5
1864,2004-01-31,5
1865,1999-12-15,3
1865,2001-04-04,4
1865,2001-08-22,4
1865,2002-07-17,4
1865,2003-06-16,5
1866,1999-07-01,7
1866,2000-08-05,7
1866,2001-06-25,7
1866,2003-03-01,7
1866,2004-03-12,7
1867,1999-06-29,1
1867,2000-10-10,1
1867,2002-04-22,1
1867,2002-08-19,1
1867,2004-03-09,1
1868,2000-05-17,3
1868,2000-10-10,3
1868,2001-05-23,3
1868,2002-06-29,3
1868,2004-04-26,3
1869,2000-04-20,3
1869,2001-04-21,3
1869,2001-11-02,4
1869,2003-04-15,4
1869,2003-11-05,4
1870,1999-06-28,1
1870,2000-11-12,1
1870,2002-02-20,1
1870,2002-10-28,1
1870,2003-08-30,1
1871,1999-08-19,6
1871,2000-06-22,6
1871,2001-07-12,8
1871,2002-11-19,8
1871,2004-03-19,8
1872,1999-08-25,6
1872,2001-05-19,8
1872,2001-07-07,8
1872,2003-04-12,8
1872,2004-02-05,8
1873,1999-12-11,0
1873,2000-06-28,0
1873,2002-04-03,0
1873,2002-08-06,0
1873,2003-12-16,0
1874,2000-03-05,3
1874,2000-12-29,3
1874,2002-01-20,3
1874,2003-03-15,3
1874,2003-08-07,4
1875,2000-03-02,6
1875,2000-08-20,6
1875,2001-12-08,6
1875,2002-10-20,8
1875,2004-04-29,8
1876,1999-06-10,7
1876,2001-03-15,7
1876,2001-07-28,7
1876,2003-01-22,7
1876,2004-04-17,7
1877,1999-06-11,8
1877,2001-02-06,8
1877,2002-04-04,8
1877,2003-04-29,8
1877,2003-05-27,8
1878,2000-05-03,2
1878,2001-02-02,2
1878,2001-05-23,2
1878,2002-06-27,2
1878,2003-07-21,2
1879,1999-12-22,8
1879,2000-09-19,8
1879,2001-10-18,8
1879,2002-12-05,8
1879,2004-01-05,8
1880,2000-05-07,2
1880,2000-07-29,2
1880,2001-10-27,2
1880,2002-06-17,2
1880,2003-09-01,2
1881,2000-01-12,8
1881,2000-10-02,8
1881,2001-10-22,8
1881,2003-05-10,8
1881,2004-01-31,8
1882,2000-05-08,5
1882,2000-10-07,5
1882,2002-01-18,5
1882,2002-06-27,5
1882,2004-01-26,5
1883,1999-07-24,6
1883,2001-02-10,8
1883,2001-12-12,3
1883,2003-03-30,4
1883,2003-08-10,4
1884,1999-06-23,7
1884,2000-09-28,7
1884,2001-07-04,7
1884,2002-07-02,7
1884,2004-01-02,7
1885,2000-02-27,8
1885,2000-09-17,5
1885,2002-03-23,5
1885,2002-12-21,5
1885,2004-03-01,5
1886,2000-04-14,2
1886,2000-08-12,2
1886,2001-06-06,2
1886,2002-07-06,2
1886,2004-04-03,2
1887,2000-03-27,4
1887,2000-11-07,4
1887,2002-02-12,4
1887,2003-02-16,4
1887,2003-07-21,4
1888,2000-04-13,8
1888,2001-04-18,8
1888,2001-10-20,8
1888,2003-02-08,8
1888,2003-07-17,8
1889,2000-02-21,3
1889,2000-05-30,3
1889,2002-04-15,4
1889,2002-09-09,4
1889,2003-09-05,4
1890,2000-04-06,8
1890,2000-12-01,8
1890,2002-01-14,8
1890,2002-11-27,8
1890,2003-09-27,8
1891,1999-10-07,6
1891,2001-04-27,6
1891,2002-01-15,6
1891,2002-09-16,5
1891,2003-07-29,5
1892,1999-09-20,2
1892,2000-08-06,2
1892,2001-06-23,2
1892,2003-02-09,2
1892,2003-10-20,2
1893,1999-07-27,7
1893,2001-01-01,7
1893,2001-10-29,7
1893,2002-10-04,7
1893,2003-11-07,7
1894,2000-02-27,7
1894,2000-05-23,7
1894,2001-08-12,7
1894,2002-09-30,7
1894,2003-09-19,7
1895,2000-04-19,2
1895,2000-06-23,2
1895,2001-10-14,2
1895,2003-04-30,2
1895,2004-01-06,0
1896,1999-12-04,0
1896,2001-04-21,1
1896,2002-04-18,1
1896,2002-09-07,1
1896,2003-11-24,1
1897,1999-08-22,6
1897,2000-07-02,8
1897,2001-11-20,8
1897,2002-11-06,8
1897,2003-12-25,8
1898,2000-03-26,1
1898,2001-02-22,1
1898,2001-10-15,1
1898,2003-01-30,1
1898,2003-07-23,1
1899,1999-12-18,8
1899,2000-12-05,8
1899,2002-02-28,8
1899,2002-11-20,8
1899,2004-05-12,5
1900,1999-06-14,2
1900,2000-11-09,2
1900,2001-11-26,2
1900,2003-03-25,2
1900,2003-10-19,3
1901,2000-03-02,2
1901,2000-06-05,8
1901,2002-04-11,8
1901,2002-10-03,8
1901,2003-06-30,5
1902,2000-03-05,0
1902,2000-10-04,0
1902,2001-06-13,0
1902,2003-01-16,0
1902,2003-10-30,0
1903,2000-02-27,6
1903,2001-03-14,7
1903,2001-06-30,7
1903,2002-11-04,7
1903,2004-01-22,7
1904,2000-02-28,8
1904,2001-01-18,8
1904,2001-08-26,8
1904,2003-03-21,8
1904,2003-06-16,8
1905,1999-06-05,8
1905,2000-06-12,8
1905,2002-03-10,8
1905,2003-04-10,8
1905,2004-02-25,8
1906,1999-10-18,0
1906,2001-02-11,0
1906,2001-09-27,8
1906,2002-06-29,8
1906,2004-03-04,8
1907,1999-09-24,4
1907,2000-12-07,4
1907,2001-07-29,4
1907,2003-03-06,6
1907,2003-10-29,6
1908,1999-11-13,3
1908,2000-09-27,3
1908,2001-11-26,3
1908,2003-03-11,3
1908,2003-07-29,3
1909,1999-06-28,5
1909,2000-07-24,5
1909,2002-05-10,5
1909,2002-11-14,5
1909,2003-12-12,6
1910,2000-01-08,1
1910,2000-09-14,1
1910,2002-01-14,1
1910,2002-12-31,1
1910,2003-09-19,1
1911,2000-05-15,1
1911,2001-04-20,1
1911,2001-06-17,1
1911,2002-09-17,1
1911,2003-08-02,1
1912,1999-05-27,5
1912,2000-06-24,5
1912,2002-04-01,5
1912,2003-01-06,5
1912,2004-04-25,6
1913,2000-04-18,0
1913,2000-05-25,0
1913,2001-05-26,0
1913,2002-07-30,0
1913,2004-05-03,0
1914,1999-12-28,8
1914,2001-03-07,8
1914,2001-06-14,8
1914,2003-02-26,8
1914,2003-09-23,8
1915,2000-03-19,8
1915,2000-08-21,8
1915,2002-02-22,8
1915,2002-10-29,8
1915,2003-07-28,8
1916,2000-04-23,8
1916,2000-05-26,8
1916,2001-12-28,8
1916,2002-10-11,8
1916,2003-10-28,8
1917,1999-11-30,7
1917,2001-03-29,7
1917,2001-11-02,7
1917,2002-05-30,7
1917,2004-02-24,7
1918,1999-07-14,1
1918,2001-04-18,1
1918,2001-10-09,1
1918,2002-12-05,1
1918,2003-12-16,1
1919,2000-04-21,1
1919,2000-11-04,1
1919,2001-07-21,1
1919,2003-01-02,1
1919,2003-11-08,1
1920,1999-10-19,0
1920,2001-05-13,0
1920,2002-03-07,0
1920,2002-10-15,0
1920,2003-07-22,0
1921,1999-07-31,6
1921,2000-10-21,6
1921,2001-11-21,6
1921,2002-11-27,6
1921,2003-11-11,6
1922,1999-06-05,7
1922,2000-10-26,7
1922,2002-05-03,7
1922,2002-09-17,7
1922,2003-09-03,7
1923,1999-05-25,0
1923,2000-09-23,0
1923,2002-03-10,0
1923,2002-07-27,0
1923,2004-02-14,0
1924,1999-07-30,3
1924,2000-08-22,3
1924,2002-02-09,3
1924,2003-03-19,3
1924,2004-02-18,3
1925,1999-08-01,6
1925,2000-10-29,5
1925,2002-03-07,6
1925,2003-01-22,6
1925,2003-09-05,8
1926,2000-04-03,1
1926,2000-08-27,1
1926,2002-03-02,2
1926,2003-01-03,2
1926,2004-03-05,2
1927,1999-06-01,6
1927,2001-01-30,6
1927,2001-06-05,6
1927,2003-01-22,8
1927,2003-11-18,8
1928,2000-03-18,4
1928,2000-08-31,4
1928,2001-06-11,4
1928,2003-03-25,5
1928,2003-12-25,5
1929,1999-07-08,6
1929,2001-05-07,8
1929,2001-12-31,8
1929,2003-04-25,8
1929,2004-05-04,8
1930,2000-02-11,1
1930,2000-07-28,1
1930,2001-08-19,1
1930,2003-04-19,1
1930,2003-08-09,1
1931,1999-07-11,8
1931,2000-11-05,8
1931,2001-09-22,8
1931,2002-08-22,8
1931,2003-08-05,8
1932,1999-08-18,4
1932,2000-05-21,4
1932,2001-09-15,4
1932,2002-09-08,3
1932,2004-01-07,3
1933,1999-08-11,4
1933,2001-01-24,4
1933,2001-07-04,3
1933,2003-05-15,4
1933,2004-02-22,4
1934,2000-02-01,1
1934,2001-03-21,1
1934,2001-09-29,1
1934,2002-08-18,1
1934,2003-08-11,1
1935,2000-04-18,0
1935,2001-04-04,0
1935,2002-01-22,0
1935,2002-11-25,0
1935,2003-12-08,0
1936,2000-02-10,4
1936,2001-02-26,4
1936,2002-05-16,5
1936,2003-05-16,5
1936,2003-08-10,5
1937,2000-02-19,8
1937,2000-07-13,8
1937,2002-05-18,8
1937,2003-05-15,8
1937,2003-06-14,8
1938,1999-07-12,8
1938,2001-02-10,8
1938,2001-06-18,8
1938,2002-05-22,8
1938,2003-11-16,8
1939,1999-08-26,8
1939,2001-02-02,8
1939,2001-08-26,8
1939,2003-04-04,8
1939,2003-09-09,8
1940,2000-01-05,6
1940,2001-03-07,6
1940,2002-01-13,8
1940,2003-02-08,8
1940,2003-10-20,8
1941,2000-03-03,6
1941,2000-07-08,8
1941,2001-09-19,6
1941,2003-05-16,6
1941,2003-08-24,6
1942,1999-05-25,4
1942,2000-06-17,4
1942,2001-07-08,4
1942,2003-04-10,4
1942,2003-09-19,8
1943,1999-12-06,8
1943,2001-02-13,8
1943,2001-07-11,8
1943,2003-03-27,8
1943,2003-06-01,8
1944,1999-08-20,5
1944,2000-06-22,4
1944,2001-08-23,4
1944,2003-04-15,4
1944,2004-04-29,5
1945,1999-09-16,7
1945,2001-04-26,7
1945,2002-04-03,7
1945,2003-04-03,7
1945,2004-04-04,7
1946,2000-04-14,2
1946,2001-01-16,2
1946,2001-11-23,2
1946,2002-05-29,2
1946,2004-02-27,2
1947,1999-07-18,4
1947,2001-04-20,4
1947,2001-10-16,4
1947,2002-06-12,4
1947,2003-05-31,4
1948,2000-02-16,7
1948,2000-11-13,7
1948,2001-07-02,7
1948,2003-02-14,7
1948,2003-07-27,7
1949,2000-05-09,8
1949,2001-03-04,8
1949,2001-09-21,8
1949,2002-11-05,8
1949,2003-08-14,8
1950,2000-04-19,7
1950,2001-03-01,7
1950,2001-09-03,7
1950,2003-01-15,7
1950,2004-03-10,7
1951,2000-02-26,6
1951,2000-10-09,7
1951,2002-04-17,7
1951,2002-07-30,7
1951,2003-09-24,7
1952,2000-01-15,1
1952,2000-12-05,1
1952,2001-12-04,1
1952,2002-06-21,1
1952,2003-11-04,1
1953,2000-03-13,1
1953,2000-05-25,2
1953,2001-10-11,2
1953,2003-03-27,2
1953,2004-05-12,2
1954,1999-07-17,5
1954,2001-02-09,5
1954,2001-12-07,7
1954,2003-01-10,7
1954,2003-10-04,7
1955,1999-10-09,7
1955,2001-03-03,7
1955,2001-10-13,7
1955,2003-04-03,7
1955,2004-04-15,7
1956,1999-10-17,7
1956,2001-04-29,7
1956,2001-05-21,7
1956,2002-07-22,7
1956,2003-06-12,7
1957,2000-01-06,5
1957,2000-12-06,5
1957,2002-05-08,5
1957,2003-02-19,5
1957,2003-07-10,5
1958,1999-07-22,3
1958,2001-01-26,3
1958,2001-12-21,3
1958,2002-08-27,3
1958,2003-09-07,3
1959,2000-01-31,7
1959,2000-08-16,7
1959,2001-05-26,7
1959,2003-01-09,7
1959,2003-05-25,7
1960,2000-04-07,0
1960,2001-04-24,0
1960,2002-05-05,0
1960,2002-08-26,0
1960,2003-08-20,0
1961,2000-01-17,3
1961,2000-10-10,3
1961,2001-09-11,3
1961,2002-06-21,3
1961,2004-01-16,8
1962,1999-06-01,8
1962,2000-10-21,8
1962,2002-03-09,8
1962,2003-04-11,8
1962,2004-02-09,8
1963,1999-06-10,2
1963,2000-10-23,2
1963,2001-07-25,2
1963,2003-01-25,2
1963,2004-03-01,2
1964,2000-03-25,2
1964,2000-11-21,1
1964,2002-04-17,1
1964,2003-03-07,1
1964,2003-11-27,1
1965,2000-03-17,6
1965,2001-04-16,4
1965,2002-01-26,4
1965,2002-12-22,4
1965,2004-03-14,4
1966,2000-04-14,3
1966,2000-12-25,3
1966,2001-10-02,4
1966,2003-04-07,4
1966,2003-10-28,6
1967,2000-04-23,7
1967,2000-11-01,7
1967,2002-02-18,7
1967,2002-10-07,7
1967,2004-04-26,7
1968,1999-12-08,7
1968,2000-11-13,7
1968,2002-01-14,7
1968,2002-07-21,7
1968,2003-09-25,7
1969,2000-05-03,6
1969,2000-11-24,8
1969,2002-04-28,8
1969,2002-06-02,8
1969,2003-10-10,8
1970,2000-05-13,0
1970,2001-05-07,0
1970,2001-12-17,0
1970,2003-04-16,0
1970,2004-05-17,0
1971,2000-04-22,5
1971,2000-10-12,5
1971,2002-02-28,5
1971,2003-04-01,6
1971,2004-05-02,8
1972,2000-04-25,5
1972,2001-03-31,8
1972,2001-06-07,8
1972,2002-07-28,8
1972,2004-02-16,8
1973,1999-10-09,5
1973,2001-04-13,8
1973,2002-01-02,8
1973,2003-05-18,8
1973,2003-09-30,8
1974,1999-06-17,0
1974,2000-06-17,0
1974,2001-07-26,0
1974,2002-09-11,0
1974,2004-04-16,0
1975,2000-05-06,3
1975,2000-09-10,3
1975,2001-05-21,3
1975,2002-09-22,3
1975,2004-02-09,2
1976,1999-10-22,7
1976,2001-01-22,7
1976,2002-02-17,7
1976,2003-05-07,7
1976,2004-02-04,7
1977,1999-12-16,2
1977,2000-08-04,2
1977,2001-07-20,2
1977,2002-07-10,2
1977,2004-02-21,2
1978,1999-12-01,0
1978,2000-10-27,0
1978,2001-08-27,0
1978,2002-05-20,8
1978,2003-05-21,8
1979,1999-10-13,3
1979,2000-09-07,3
1979,2002-03-18,3
1979,2002-10-07,2
1979,2003-12-27,2
1980,1999-05-30,1
1980,2000-11-17,1
1980,2001-09-02,1
1980,2002-05-22,1
1980,2003-08-16,1
1981,2000-03-28,7
1981,2000-06-24,7
1981,2002-02-27,7
1981,2003-02-01,7
1981,2004-01-20,7
1982,2000-03-31,8
1982,2000-10-09,8
1982,2001-07-24,8
1982,2003-01-29,8
1982,2003-09-12,8
1983,1999-11-11,2
1983,2001-03-09,2
1983,2001-12-27,8
1983,2003-04-18,8
1983,2004-05-16,8
1984,1999-06-23,0
1984,2001-05-02,0
1984,2001-08-15,0
1984,2002-09-04,0
1984,2003-07-11,0
1985,2000-03-10,1
1985,2000-09-08,1
1985,2001-12-15,1
1985,2002-05-23,1
1985,2004-03-26,1
1986,2000-01-02,7
1986,2000-07-11,7
1986,2001-12-25,7
1986,2002-12-28,7
1986,2003-11-16,7
1987,1999-08-17,7
1987,2001-04-12,7
1987,2002-02-05,7
1987,2003-03-01,7
1987,2003-12-27,7
1988,1999-06-28,7
1988,2001-05-05,7
1988,2002-04-12,7
1988,2003-01-08,7
1988,2004-04-25,7
1989,1999-09-14,8
1989,2000-06-19,8
1989,2002-01-02,8
1989,2002-11-02,8
1989,2004-05-15,8
1990,1999-12-27,0
1990,2001-02-27,0
1990,2001-10-20,0
1990,2002-09-25,0
1990,2004-04-12,0
1991,2000-01-28,6
1991,2000-08-08,8
1991,2001-06-18,8
1991,2002-08-18,8
1991,2004-01-19,8
1992,1999-08-27,5
1992,2000-07-13,5
1992,2002-01-19,5
1992,2003-04-12,8
1992,2003-08-28,8
1993,1999-12-29,8
1993,2000-05-31,8
1993,2001-10-26,8
1993,2002-09-05,8
1993,2003-10-20,8
1994,1999-12-13,8
1994,2001-02-10,8
1994,2002-01-02,8
1994,2003-03-29,8
1994,2003-05-26,8
1995,2000-03-12,3
1995,2000-08-02,3
1995,2001-09-06,3
1995,2002-11-25,2
1995,2004-03-10,2
1996,1999-06-09,7
1996,2000-12-03,7
1996,2001-09-11,7
1996,2002-07-05,7
1996,2003-11-09,7
1997,2000-03-09,5
1997,2000-10-08,5
1997,2002-01-08,5
1997,2002-12-18,5
1997,2003-09-23,5
1998,1999-10-07,6
1998,2000-09-12,6
1998,2002-05-10,6
1998,2002-06-24,8
1998,2003-11-16,8
1999,1999-06-22,3
1999,2000-06-13,3
1999,2001-09-26,3
1999,2003-05-04,3
1999,2004-02-18,3
